CREATE TABLE `company_info` (
  `CompanyID` int(11) NOT NULL,
  `CompanyName` varchar(255) NOT NULL,
  `Location` varchar(255) DEFAULT NULL,
  `StockSymbol` varchar(10) DEFAULT NULL,
  `note` varchar(200) DEFAULT NULL
) ENGINE=InnoDB DEFAULT CHARSET=utf8mb4 COLLATE=utf8mb4_general_ci;

INSERT INTO `company_info` (`CompanyID`, `CompanyName`, `Location`, `StockSymbol`, `note`) VALUES
(1, 'Equifax Inc.', 'Atlanta, Georgia, USA', 'EFX', NULL),
(2, 'Verizon Communications Inc.', 'New York, New York, USA', 'VZ', NULL),
(3, 'Yahoo! Inc.', 'Sunnyvale, California, USA', 'YHOO', 'Acquired by Verizon Communications Inc. in June 2017'),
(4, 'Whole Foods Market Inc. (Acquired by Amazon.com, Inc.)', 'Austin, Texas, USA', 'AMZN', 'Acquired by Amazon in 2017'),
(5, 'Dun & Bradstreet Inc.', 'Short Hills, New Jersey, USA', 'DNB', NULL),
(6, 'Marriott International, Inc.', 'Bethesda, Maryland, USA', 'MAR', NULL),
(7, 'Under Armour, Inc.', 'Baltimore, Maryland, USA', 'UAA', NULL),
(8, 'T-Mobile US, Inc.', 'Bellevue, Washington, USA', 'TMUS', NULL),
(9, 'Google Inc.', 'Mountain View, California, USA', 'GOOGL', 'Part of Alphabet Inc. at the time'),
(10, 'Ticketfly, Inc.', 'San Francisco, California, USA', 'EB', 'Owned by Eventbrite, Inc.'),
(11, 'Facebook, Inc. (Now Meta Platforms, Inc.)', 'Menlo Park, California, USA', 'META', NULL),
(12, 'Capital One Financial Corporation', 'McLean, Virginia, USA', 'COF', NULL),
(13, 'Quest Diagnostics Incorporated', 'Secaucus, New Jersey, USA', 'DGX', NULL),
(14, 'Zynga Inc.', 'San Francisco, California, USA', 'ZNGA', NULL),
(15, 'Twitter, Inc.', 'San Francisco, California, USA', 'TWTR', NULL),
(16, 'SolarWinds Corporation', 'Austin, Texas, USA', 'SWI', NULL),
(17, 'Marriott International, Inc.', 'Bethesda, Maryland, USA', 'MAR', NULL),
(18, 'MGM Resorts International', 'Las Vegas, Nevada, USA', 'MGM', NULL),
(19, 'Sina Weibo', 'Beijing, China', 'WB', 'Weibo Corporation'),
(20, 'Microsoft Corporation', 'Redmond, Washington, USA', 'MSFT', NULL),
(21, 'LinkedIn Corporation (Owned by Microsoft Corporation)', 'Sunnyvale, California, USA', 'MSFT', 'Owned by Microsoft Corporation'),
(22, 'JBS S.A.', 'São Paulo, Brazil', 'JBSAY', NULL),
(23, 'Nvidia Corporation', 'Santa Clara, California, USA', 'NVDA', NULL),
(24, 'Okta, Inc.', 'San Francisco, California, USA', 'OKTA', NULL),
(25, 'Uber Technologies, Inc.', 'San Francisco, California, USA', 'UBER', NULL),
(26, 'Rockstar Games', 'New York, New York, USA', 'TTWO', 'Subsidiary of Take-Two Interactive Software, Inc.'),
(27, 'Block, Inc.', 'San Francisco, California, USA', 'SQ', NULL);

--
-- Table structure for table `data_breach_disclosures`
--

CREATE TABLE `data_breach_disclosures` (
  `DisclosureID` int(11) NOT NULL,
  `CompanyID` int(11) NOT NULL,
  `DisclosureDate` date NOT NULL,
  `Perpetrators` varchar(200) DEFAULT NULL,
  `Description` text DEFAULT NULL,
  `Impact` text DEFAULT NULL
) ENGINE=InnoDB DEFAULT CHARSET=utf8mb4 COLLATE=utf8mb4_general_ci;

--
-- Dumping data for table `data_breach_disclosures`
--

INSERT INTO `data_breach_disclosures` (`DisclosureID`, `CompanyID`, `DisclosureDate`, `Perpetrators`, `Description`, `Impact`) VALUES
(1, 1, '2017-09-07', NULL, 'This breach exposed sensitive information of approximately 147 million consumers, including Social Security numbers, birth dates, addresses, and in some cases, driver\'s license numbers.', NULL),
(2, 2, '2017-06-22', NULL, 'An unprotected AWS storage instance exposed the data of 6 million Verizon customers, including phone numbers, names, and PIN codes used for customer service calls.', NULL),
(3, 4, '2017-09-28', NULL, 'A breach involving unauthorized access to payment card information used in taprooms and full table-service restaurants in some Whole Foods Market stores.', NULL),
(4, 6, '2018-11-30', NULL, 'The breach affected approximately 500 million guests of its Starwood hotel properties. Information compromised included names, phone numbers, email addresses, passport numbers, and travel information.', NULL),
(5, 11, '2018-09-28', NULL, 'Exposed the personal information of up to 50 million users due to a flaw in the platform’s “View As” feature.', NULL),
(6, 7, '2018-03-29', NULL, 'Affected about 150 million MyFitnessPal app users. Compromised data included usernames, email addresses, and hashed passwords.', NULL),
(7, 8, '2018-08-24', NULL, 'Exposed personal information of about 2 million customers, including names, billing zip codes, phone numbers, email addresses, account numbers, and account types.', NULL),
(8, 9, '2018-10-08', NULL, 'A bug in the Google+ API potentially exposed the personal data of up to 500,000 users, including names, email addresses, occupations, and age. This led to the decision to shut down Google+ for consumers.', NULL),
(9, 12, '2019-07-29', NULL, 'Exposed personal information of over 100 million individuals in the U.S. and 6 million in Canada, including names, addresses, credit scores, Social Security numbers, and bank account numbers.', NULL),
(10, 11, '2019-04-03', NULL, 'Stored passwords of hundreds of millions of users in plain text across several of its products, accessible by thousands of its employees.', NULL),
(11, 8, '2019-11-22', NULL, 'Unauthorized access to prepaid wireless accounts, affecting an undisclosed number of customers. Information exposed included billing names, phone numbers, and account information.', NULL),
(12, 16, '2020-12-13', NULL, 'A sophisticated supply chain attack, known as SUNBURST, affecting numerous government agencies and corporations worldwide. Malicious code was inserted into updates for the SolarWinds Orion platform.', NULL),
(13, 17, '2020-03-31', NULL, 'Information of approximately 5.2 million guests was accessed using the login credentials of two employees at a franchise property.', NULL),
(14, 18, '2020-02-20', NULL, 'Details of over 10.6 million guests, including personal and contact information, were leaked online.', NULL),
(15, 19, '2020-03-19', NULL, 'Data of 538 million users, including real names, site usernames, gender, location, and phone numbers for 172 million users, were breached and sold online.', NULL),
(16, 11, '2021-04-03', NULL, 'Personal data of over 530 million users from 106 countries was found on a hacking forum. The data included phone numbers, Facebook IDs, full names, locations, birthdates, and some email addresses.', NULL),
(17, 20, '2021-03-02', NULL, 'A state-sponsored threat actor exploited vulnerabilities in the Microsoft Exchange Server, impacting tens of thousands of organizations globally, including email theft and malware installation.', NULL),
(18, 8, '2021-08-16', NULL, 'Affecting over 50 million current, former, and prospective customers, the breach exposed data including social security numbers, drivers license information, and IMEI numbers.', NULL),
(19, 22, '2021-05-31', NULL, 'The world\'s largest meat processing company was hit by a ransomware attack, significantly disrupting operations in the U.S., Canada, and Australia.', NULL),
(20, 23, '2022-02-23', 'Lapsus$', 'Nvidia experienced a cyberattack compromising employee credentials and proprietary information. The attackers, known as \"Lapsus$\", leaked company data online.', NULL),
(21, 20, '2022-03-22', 'Lapsus$', 'Microsoft confirmed that the \"Lapsus$\" hacking group gained limited access to company systems, including source code repositories, though they stated that customer data and services were not compromised.', NULL),
(22, 24, '2022-03-22', 'Lapsus$', 'Okta, a major identity and access management company, reported a breach involving a subcontractor\'s access by the \"Lapsus$\" group, potentially affecting hundreds of clients.', NULL),
(23, 26, '2022-09-19', NULL, 'Before the official release, footage and details of the highly anticipated game, Grand Theft Auto VI, were leaked online following a hack. The breach raised concerns about cybersecurity measures at the company.', NULL),
(24, 8, '2023-01-19', NULL, NULL, NULL),
(25, 8, '2023-04-28', NULL, NULL, NULL);

-- --------------------------------------------------------

--
-- Table structure for table `dow_jones`
--

CREATE TABLE `dow_jones` (
  `Date` date NOT NULL,
  `Price` decimal(10,2) DEFAULT NULL,
  `Open` decimal(10,2) DEFAULT NULL,
  `High` decimal(10,2) DEFAULT NULL,
  `Low` decimal(10,2) DEFAULT NULL,
  `Volume` varchar(20) DEFAULT NULL,
  `Change_Percent` decimal(5,2) DEFAULT NULL
);

--
-- Dumping data for table `dow_jones`
--

INSERT INTO `dow_jones` (`Date`, `Price`, `Open`, `High`, `Low`, `Volume`, `Change_Percent`) VALUES
('2017-06-01', 21144.18, 21030.55, 21144.18, 20994.22, '276.73M', 0.65),
('2017-06-02', 21206.29, 21142.09, 21225.04, 21129.56, '329.70M', 0.29),
('2017-06-05', 21184.04, 21195.03, 21224.41, 21168.69, '269.79M', -0.10),
('2017-06-06', 21136.23, 21145.48, 21180.47, 21118.46, '283.55M', -0.23),
('2017-06-07', 21173.69, 21171.57, 21189.84, 21113.31, '273.40M', 0.18),
('2017-06-08', 21182.53, 21169.76, 21265.69, 21138.16, '330.33M', 0.04),
('2017-06-09', 21271.97, 21208.96, 21305.35, 21159.45, '397.20M', 0.42),
('2017-06-12', 21235.67, 21259.95, 21277.08, 21186.15, '528.08M', -0.17),
('2017-06-13', 21328.47, 21256.83, 21332.77, 21256.83, '323.51M', 0.44),
('2017-06-14', 21374.56, 21342.71, 21391.97, 21294.09, '295.09M', 0.22),
('2017-06-15', 21359.90, 21291.69, 21367.28, 21261.87, '317.20M', -0.07),
('2017-06-16', 21384.28, 21335.93, 21384.42, 21308.01, '603.26M', 0.11),
('2017-06-19', 21528.99, 21444.75, 21528.99, 21436.08, '289.40M', 0.68),
('2017-06-20', 21467.14, 21521.25, 21535.03, 21464.24, '310.20M', -0.29),
('2017-06-21', 21410.03, 21466.39, 21492.62, 21390.00, '292.50M', -0.27),
('2017-06-22', 21397.29, 21407.98, 21456.47, 21394.81, '270.68M', -0.06),
('2017-06-23', 21394.76, 21380.92, 21421.79, 21333.89, '368.40M', -0.01),
('2017-06-26', 21409.55, 21434.68, 21506.21, 21381.25, '241.88M', 0.07),
('2017-06-27', 21310.66, 21411.19, 21440.60, 21310.66, '292.17M', -0.46),
('2017-06-28', 21454.61, 21372.36, 21478.75, 21372.36, '271.51M', 0.68),
('2017-06-29', 21287.03, 21487.38, 21487.38, 21197.08, '336.75M', -0.78),
('2017-06-30', 21349.63, 21348.60, 21426.12, 21325.08, '313.26M', 0.29),
('2017-08-28', 21808.40, 21832.50, 21861.49, 21767.94, '218.74M', -0.02),
('2017-08-29', 21865.37, 21718.00, 21879.22, 21673.58, '227.34M', 0.26),
('2017-08-30', 21892.43, 21859.76, 21914.26, 21839.47, '242.84M', 0.12),
('2017-08-31', 21948.10, 21936.01, 21985.76, 21910.50, '376.79M', 0.25),
('2017-09-01', 21987.56, 21981.77, 22038.97, 21974.91, '256.24M', 0.18),
('2017-09-05', 21753.31, 21912.37, 21921.09, 21709.63, '332.84M', -1.07),
('2017-09-06', 21807.64, 21815.76, 21849.24, 21794.07, '318.76M', 0.25),
('2017-09-07', 21784.78, 21820.38, 21850.01, 21745.71, '333.81M', -0.10),
('2017-09-08', 21797.79, 21764.43, 21846.63, 21731.12, '289.40M', 0.06),
('2017-09-11', 22057.37, 21927.79, 22067.10, 21927.79, '312.77M', 1.19),
('2017-09-12', 22118.86, 22090.56, 22134.57, 22087.09, '364.58M', 0.28),
('2017-09-13', 22158.18, 22103.47, 22158.18, 22095.79, '291.89M', 0.18),
('2017-09-14', 22203.48, 22144.96, 22216.44, 22135.26, '297.78M', 0.20),
('2017-09-15', 22268.34, 22252.44, 22275.02, 22214.52, '527.54M', 0.29),
('2017-09-18', 22331.35, 22297.92, 22355.62, 22283.35, '302.74M', 0.28),
('2017-09-19', 22370.80, 22349.70, 22386.01, 22340.71, '295.57M', 0.18),
('2017-09-20', 22412.59, 22351.38, 22413.26, 22314.68, '334.56M', 0.19),
('2017-09-21', 22359.23, 22414.02, 22419.51, 22356.55, '287.39M', -0.24),
('2017-09-22', 22349.59, 22334.07, 22364.31, 22299.58, '297.14M', -0.04),
('2017-09-25', 22296.09, 22320.47, 22359.88, 22219.11, '332.43M', -0.24),
('2017-09-26', 22284.32, 22322.03, 22369.35, 22279.52, '285.99M', -0.05),
('2017-09-27', 22340.71, 22330.93, 22371.10, 22254.93, '342.90M', 0.25),
('2017-09-28', 22381.20, 22306.83, 22394.74, 22288.97, '263.01M', 0.18),
('2017-09-29', 22405.09, 22358.47, 22405.63, 22332.96, '274.79M', 0.11),
('2017-10-02', 22557.60, 22423.47, 22559.38, 22416.00, '268.53M', 0.68),
('2017-10-03', 22641.67, 22564.45, 22646.32, 22562.90, '238.83M', 0.37),
('2017-10-04', 22661.64, 22645.67, 22685.94, 22632.80, '235.73M', 0.09),
('2017-10-05', 22775.39, 22669.08, 22777.04, 22655.14, '246.40M', 0.50),
('2017-10-06', 22773.67, 22762.03, 22773.67, 22730.85, '221.45M', -0.01),
('2017-10-09', 22761.07, 22779.73, 22803.37, 22739.38, '310.77M', -0.06),
('2017-10-10', 22830.68, 22784.76, 22850.51, 22770.99, '319.27M', 0.31),
('2017-10-11', 22872.89, 22827.65, 22872.89, 22821.66, '316.00M', 0.18),
('2017-10-12', 22841.01, 22854.85, 22884.82, 22821.13, '291.79M', -0.14),
('2017-10-13', 22871.72, 22876.43, 22905.33, 22855.93, '259.56M', 0.13),
('2017-10-16', 22956.96, 22892.92, 22960.12, 22887.12, '247.18M', 0.37),
('2017-10-17', 22997.44, 22952.41, 23002.20, 22948.23, '273.09M', 0.18),
('2017-10-18', 23157.60, 23087.13, 23172.93, 23086.75, '271.87M', 0.70),
('2017-10-19', 23163.04, 23107.47, 23167.24, 23052.67, '350.40M', 0.02),
('2017-10-20', 23328.63, 23205.18, 23328.84, 23201.78, '474.38M', 0.71),
('2017-10-23', 23273.96, 23348.95, 23368.37, 23273.96, '456.83M', -0.23),
('2017-10-24', 23441.76, 23346.78, 23485.25, 23343.23, '406.85M', 0.72),
('2017-10-25', 23329.46, 23431.09, 23451.51, 23251.11, '399.56M', -0.48),
('2017-10-26', 23400.86, 23380.89, 23459.84, 23380.89, '370.60M', 0.31),
('2017-10-27', 23434.19, 23419.16, 23449.40, 23353.16, '518.87M', 0.14),
('2017-10-30', 23348.74, 23405.75, 23428.75, 23327.87, '436.90M', -0.36),
('2017-10-31', 23377.24, 23369.22, 23406.35, 23334.39, '388.05M', 0.12),
('2018-03-19', 24610.91, 24893.69, 24893.69, 24453.14, '377.99M', -1.35),
('2018-03-20', 24727.27, 24650.64, 24803.61, 24650.64, '342.51M', 0.47),
('2018-03-21', 24682.31, 24723.49, 24977.65, 24655.40, '343.23M', -0.18),
('2018-03-22', 23957.89, 24526.01, 24526.01, 23938.74, '439.28M', -2.93),
('2018-03-23', 23533.20, 23995.18, 24108.47, 23509.06, '482.55M', -1.77),
('2018-03-26', 24202.60, 23825.74, 24232.30, 23741.22, '479.54M', 2.84),
('2018-03-27', 23857.71, 24276.62, 24446.22, 23708.73, '524.48M', -1.43),
('2018-03-28', 23848.42, 23883.08, 24092.47, 23728.67, '530.04M', -0.04),
('2018-03-29', 24103.11, 23949.18, 24314.30, 23928.13, '463.55M', 1.07),
('2018-04-02', 23644.19, 24076.60, 24123.80, 23344.52, '509.82M', -1.90),
('2018-04-03', 24033.36, 23698.33, 24044.35, 23664.33, '394.13M', 1.65),
('2018-04-04', 24264.30, 23654.15, 24308.96, 23523.16, '388.54M', 0.96),
('2018-04-05', 24505.22, 24313.91, 24622.26, 24313.91, '347.79M', 0.99),
('2018-04-06', 23932.76, 24373.60, 24434.40, 23738.20, '395.99M', -2.34),
('2018-04-09', 23979.10, 24037.52, 24373.18, 23954.83, '380.79M', 0.19),
('2018-04-10', 24408.00, 24198.95, 24511.35, 24198.95, '368.59M', 1.79),
('2018-04-11', 24189.45, 24274.19, 24366.57, 24150.87, '286.36M', -0.90),
('2018-04-12', 24483.05, 24302.82, 24592.12, 24302.82, '336.13M', 1.21),
('2018-04-13', 24360.14, 24582.82, 24646.45, 24243.74, '331.89M', -0.50),
('2018-04-16', 24573.04, 24483.15, 24675.36, 24480.20, '305.07M', 0.87),
('2018-04-17', 24786.63, 24681.79, 24858.97, 24681.79, '342.41M', 0.87),
('2018-04-18', 24748.07, 24820.85, 24832.54, 24721.09, '302.03M', -0.16),
('2018-04-19', 24664.89, 24711.30, 24762.48, 24557.03, '381.11M', -0.34),
('2018-04-20', 24462.94, 24657.39, 24678.07, 24375.04, '537.77M', -0.82),
('2018-04-23', 24448.69, 24488.07, 24536.89, 24328.54, '351.03M', -0.06),
('2018-04-24', 24024.13, 24579.94, 24579.94, 23828.73, '468.18M', -1.74),
('2018-04-25', 24083.83, 24070.20, 24146.34, 23823.08, '437.10M', 0.25),
('2018-04-26', 24322.34, 24128.72, 24402.46, 24128.72, '390.36M', 0.99),
('2018-04-27', 24311.19, 24342.14, 24359.38, 24194.45, '392.81M', -0.05),
('2018-04-30', 24163.15, 24410.41, 24498.23, 24163.08, '416.65M', -0.61),
('2018-08-13', 25187.70, 25327.19, 25381.39, 25153.93, '219.99M', -0.50),
('2018-08-14', 25299.92, 25215.69, 25339.51, 25201.87, '219.21M', 0.45),
('2018-08-15', 25162.41, 25235.37, 25235.37, 24965.77, '295.81M', -0.54),
('2018-08-16', 25558.73, 25294.97, 25607.34, 25294.97, '342.43M', 1.58),
('2018-08-17', 25669.32, 25550.80, 25728.16, 25521.66, '284.16M', 0.43),
('2018-08-20', 25758.69, 25727.70, 25790.17, 25716.41, '248.57M', 0.35),
('2018-08-21', 25822.29, 25786.99, 25888.82, 25784.90, '241.62M', 0.25),
('2018-08-22', 25733.60, 25825.06, 25836.16, 25722.43, '200.48M', -0.34),
('2018-08-23', 25656.98, 25714.86, 25762.56, 25608.02, '213.27M', -0.30),
('2018-08-24', 25790.35, 25688.58, 25826.05, 25688.58, '200.33M', 0.52),
('2018-08-27', 26049.64, 25882.71, 26067.57, 25882.71, '220.51M', 1.01),
('2018-08-28', 26064.02, 26092.70, 26122.24, 26037.85, '211.47M', 0.06),
('2018-08-29', 26124.57, 26082.53, 26167.94, 26035.30, '214.96M', 0.23),
('2018-08-30', 25986.92, 26099.01, 26104.37, 25934.80, '240.44M', -0.53),
('2018-08-31', 25964.82, 25964.85, 26028.83, 25879.77, '273.44M', -0.09),
('2018-09-04', 25952.48, 25916.07, 25971.77, 25805.95, '254.60M', -0.05),
('2018-09-05', 25974.99, 25919.84, 26011.22, 25871.04, '289.21M', 0.09),
('2018-09-06', 25995.87, 25973.02, 26073.68, 25880.84, '262.38M', 0.08),
('2018-09-07', 25916.54, 25951.02, 26002.99, 25818.39, '281.35M', -0.31),
('2018-09-10', 25857.07, 25991.91, 26039.96, 25854.13, '252.17M', -0.23),
('2018-09-11', 25971.06, 25841.14, 26019.92, 25754.32, '265.96M', 0.44),
('2018-09-12', 25998.92, 25989.07, 26145.72, 25929.43, '282.77M', 0.11),
('2018-09-13', 26145.99, 26083.94, 26191.64, 26067.08, '260.80M', 0.57),
('2018-09-14', 26154.67, 26169.56, 26211.11, 26068.29, '228.64M', 0.03),
('2018-09-17', 26062.12, 26151.66, 26184.47, 26030.35, '230.23M', -0.35),
('2018-09-18', 26246.96, 26076.21, 26317.34, 26076.21, '243.00M', 0.71),
('2018-09-19', 26405.76, 26287.84, 26464.41, 26280.76, '251.33M', 0.61),
('2018-09-20', 26656.98, 26519.39, 26697.49, 26519.39, '260.48M', 0.95),
('2018-09-21', 26743.50, 26726.25, 26769.16, 26680.37, '657.62M', 0.32),
('2018-09-24', 26562.05, 26705.25, 26709.94, 26548.68, '254.85M', -0.68),
('2018-09-25', 26492.21, 26601.58, 26634.85, 26475.58, '234.11M', -0.26),
('2018-09-26', 26385.28, 26536.86, 26606.09, 26349.34, '262.62M', -0.40),
('2018-09-27', 26439.93, 26418.27, 26557.01, 26379.95, '226.35M', 0.21),
('2018-09-28', 26458.31, 26407.66, 26515.76, 26383.57, '264.03M', 0.07),
('2018-10-01', 26651.21, 26598.36, 26737.98, 26596.05, '238.32M', 0.73),
('2018-10-02', 26773.94, 26648.91, 26824.78, 26627.66, '258.29M', 0.46),
('2018-10-03', 26828.39, 26833.47, 26951.81, 26789.08, '280.13M', 0.20),
('2018-10-04', 26627.48, 26784.08, 26793.82, 26471.61, '289.60M', -0.75),
('2018-10-05', 26447.05, 26632.77, 26676.16, 26301.81, '267.10M', -0.68),
('2018-10-08', 26486.78, 26399.45, 26529.35, 26223.09, '273.02M', 0.15),
('2018-10-09', 26430.57, 26469.19, 26539.94, 26324.16, '282.56M', -0.21),
('2018-10-10', 25598.74, 26441.73, 26441.73, 25593.65, '438.20M', -3.15),
('2018-10-11', 25052.83, 25518.39, 25683.64, 24899.77, '522.88M', -2.13),
('2018-10-12', 25339.99, 25407.63, 25467.55, 25000.83, '397.51M', 1.15),
('2018-10-15', 25250.55, 25332.46, 25482.42, 25243.88, '287.32M', -0.35),
('2018-10-16', 25798.42, 25351.53, 25817.68, 25351.53, '305.80M', 2.17),
('2018-10-17', 25706.68, 25705.87, 25810.09, 25479.16, '298.21M', -0.36),
('2018-10-18', 25379.45, 25645.56, 25691.46, 25236.01, '328.02M', -1.27),
('2018-10-19', 25444.34, 25421.09, 25608.71, 25350.02, '350.81M', 0.26),
('2018-10-22', 25317.41, 25492.14, 25561.34, 25236.05, '314.94M', -0.50),
('2018-10-23', 25191.43, 25038.46, 25307.70, 24768.79, '436.43M', -0.50),
('2018-10-24', 24583.42, 25172.88, 25306.23, 24533.19, '496.40M', -2.41),
('2018-10-25', 24984.55, 24736.54, 25104.29, 24645.56, '439.67M', 1.63),
('2018-10-26', 24688.31, 24770.25, 24916.16, 24445.19, '505.31M', -1.19),
('2018-10-29', 24442.92, 24818.98, 25040.58, 24122.23, '443.85M', -0.99),
('2018-10-30', 24874.64, 24482.04, 24906.68, 24415.69, '470.05M', 1.77),
('2018-10-31', 25115.76, 25008.82, 25336.55, 25008.82, '448.93M', 0.97),
('2018-11-12', 25387.18, 25959.33, 25966.71, 25340.51, '346.91M', -2.32),
('2018-11-13', 25286.49, 25321.21, 25511.03, 25193.78, '339.69M', -0.40),
('2018-11-14', 25080.50, 25388.08, 25501.29, 24935.82, '384.24M', -0.81),
('2018-11-15', 25289.27, 25061.48, 25354.56, 24787.79, '392.75M', 0.83),
('2018-11-16', 25413.22, 25242.35, 25510.23, 25147.80, '354.46M', 0.49),
('2018-11-19', 25017.44, 25392.61, 25392.61, 24900.98, '358.09M', -1.56),
('2018-11-20', 24465.64, 24618.68, 24707.26, 24368.98, '445.92M', -2.21),
('2018-11-21', 24464.69, 24541.65, 24669.79, 24463.28, '289.37M', 0.00),
('2018-11-23', 24285.95, 24336.40, 24408.80, 24268.74, '155.94M', -0.73),
('2018-11-26', 24640.24, 24364.13, 24673.29, 24364.13, '306.28M', 1.46),
('2018-11-27', 24748.73, 24557.02, 24750.73, 24416.03, '308.25M', 0.44),
('2018-11-28', 25366.43, 24832.84, 25368.93, 24832.84, '362.16M', 2.50),
('2018-11-29', 25338.84, 25343.65, 25479.04, 25202.79, '305.11M', -0.11),
('2018-11-30', 25538.46, 25307.14, 25549.71, 25250.97, '482.25M', 0.79),
('2018-12-03', 25826.43, 25779.57, 25980.21, 25670.51, '388.48M', 1.13),
('2018-12-04', 25027.07, 25752.56, 25773.12, 25008.11, '418.90M', -3.10),
('2018-12-06', 24947.67, 24737.42, 24951.01, 24242.22, '471.69M', -0.32),
('2018-12-07', 24388.95, 24918.82, 25095.62, 24284.78, '398.23M', -2.24),
('2018-12-10', 24423.26, 24360.95, 24500.81, 23881.37, '389.69M', 0.14),
('2018-12-11', 24370.24, 24719.91, 24791.26, 24221.06, '342.96M', -0.22),
('2018-12-12', 24527.27, 24509.09, 24828.29, 24509.09, '344.33M', 0.64),
('2018-12-13', 24597.38, 24575.86, 24740.96, 24473.29, '299.97M', 0.29),
('2018-12-14', 24100.51, 24408.04, 24431.14, 24033.79, '416.94M', -2.02),
('2018-12-17', 23592.98, 23986.83, 24088.08, 23456.88, '466.74M', -2.11),
('2018-12-18', 23675.64, 23769.13, 23927.77, 23516.02, '408.07M', 0.35),
('2018-12-19', 23323.66, 23693.33, 24057.34, 23162.64, '503.55M', -1.49),
('2018-12-20', 22859.60, 23224.12, 23282.20, 22644.31, '576.70M', -1.99),
('2018-12-21', 22445.37, 22871.74, 23254.59, 22396.34, '900.51M', -1.81),
('2018-12-24', 21792.20, 22317.28, 22339.87, 21792.20, '308.42M', -2.91),
('2018-12-26', 22878.45, 21857.73, 22878.92, 21712.53, '433.08M', 4.98),
('2018-12-27', 23138.82, 22629.06, 23138.89, 22267.42, '407.94M', 1.14),
('2018-12-28', 23062.40, 23213.61, 23381.88, 22981.33, '336.51M', -0.33),
('2018-12-31', 23327.46, 23153.94, 23333.18, 23118.30, '288.83M', 1.15),
('2019-03-25', 25516.83, 25490.72, 25603.27, 25372.26, '303.12M', 0.06),
('2019-03-26', 25657.73, 25649.56, 25796.29, 25544.78, '305.11M', 0.55),
('2019-03-27', 25625.59, 25676.34, 25758.17, 25425.27, '270.34M', -0.13),
('2019-03-28', 25717.46, 25693.32, 25743.41, 25576.69, '237.17M', 0.36),
('2019-03-29', 25928.68, 25827.31, 25949.32, 25771.67, '300.62M', 0.82),
('2019-04-01', 26258.42, 26075.10, 26280.90, 26071.69, '295.57M', 1.27),
('2019-04-02', 26179.13, 26213.55, 26221.24, 26122.31, '250.94M', -0.30),
('2019-04-03', 26218.13, 26238.03, 26282.17, 26138.47, '271.98M', 0.15),
('2019-04-04', 26384.63, 26213.42, 26398.90, 26212.78, '233.04M', 0.64),
('2019-04-05', 26424.99, 26427.56, 26487.57, 26370.82, '229.55M', 0.15),
('2019-04-08', 26341.02, 26312.67, 26344.65, 26246.03, '229.38M', -0.32),
('2019-04-09', 26150.58, 26243.54, 26246.34, 26103.14, '244.41M', -0.72),
('2019-04-10', 26157.16, 26173.71, 26209.49, 26101.24, '203.13M', 0.03),
('2019-04-11', 26143.05, 26188.21, 26229.88, 26062.59, '211.68M', -0.05),
('2019-04-12', 26412.30, 26357.79, 26436.68, 26309.72, '369.91M', 1.03),
('2019-04-15', 26384.77, 26407.76, 26424.85, 26316.42, '250.62M', -0.10),
('2019-04-16', 26452.66, 26482.19, 26530.71, 26397.19, '302.34M', 0.26),
('2019-04-17', 26449.54, 26468.53, 26501.02, 26391.86, '367.78M', -0.01),
('2019-04-18', 26559.54, 26463.37, 26602.42, 26444.53, '332.85M', 0.42),
('2019-04-22', 26511.05, 26510.77, 26553.05, 26458.61, '232.57M', -0.18),
('2019-04-23', 26656.39, 26513.83, 26695.96, 26503.56, '311.69M', 0.55),
('2019-04-24', 26597.05, 26652.56, 26680.58, 26582.86, '283.37M', -0.22),
('2019-04-25', 26462.08, 26426.37, 26536.48, 26310.28, '296.73M', -0.51),
('2019-04-26', 26543.33, 26454.62, 26543.56, 26392.55, '317.29M', 0.31),
('2019-04-29', 26554.39, 26559.87, 26602.54, 26520.75, '279.45M', 0.04),
('2019-04-30', 26592.91, 26594.56, 26614.04, 26419.47, '340.32M', 0.15),
('2019-05-28', 25347.77, 25616.55, 25717.63, 25342.28, '364.85M', -0.93),
('2019-05-29', 25126.41, 25231.46, 25231.46, 24938.24, '298.93M', -0.87),
('2019-05-30', 25169.88, 25139.94, 25218.54, 25066.75, '215.24M', 0.17),
('2019-05-31', 24815.04, 25046.31, 25046.31, 24809.51, '292.23M', -1.41),
('2019-06-03', 24819.78, 24830.16, 24935.21, 24680.57, '328.24M', 0.02),
('2019-06-04', 25332.18, 24962.82, 25343.77, 24962.82, '281.69M', 2.06),
('2019-06-05', 25539.57, 25451.00, 25544.66, 25373.58, '262.66M', 0.82),
('2019-06-06', 25720.66, 25567.45, 25800.30, 25518.05, '248.07M', 0.71),
('2019-06-07', 25983.94, 25768.72, 26072.75, 25768.72, '263.01M', 1.02),
('2019-06-10', 26062.68, 26090.22, 26210.61, 26054.31, '249.28M', 0.30),
('2019-06-11', 26048.51, 26180.59, 26248.67, 25998.87, '253.49M', -0.05),
('2019-06-12', 26004.83, 26040.30, 26082.10, 25958.66, '223.69M', -0.17),
('2019-06-13', 26106.77, 26036.94, 26146.91, 25995.71, '213.40M', 0.39),
('2019-06-14', 26089.61, 26076.36, 26162.28, 25988.09, '208.02M', -0.07),
('2019-06-17', 26112.53, 26108.53, 26165.78, 26049.80, '199.50M', 0.09),
('2019-06-18', 26465.54, 26228.88, 26527.19, 26227.76, '273.49M', 1.35),
('2019-06-19', 26504.00, 26490.16, 26569.75, 26415.05, '240.95M', 0.15),
('2019-06-20', 26753.17, 26665.38, 26798.63, 26539.69, '278.17M', 0.94),
('2019-06-21', 26719.13, 26749.12, 26907.37, 26705.87, '485.56M', -0.13),
('2019-06-24', 26727.54, 26727.61, 26806.52, 26723.37, '232.39M', 0.03),
('2019-07-15', 27359.16, 27364.69, 27364.69, 27294.17, '199.73M', 0.10),
('2019-07-16', 27335.63, 27349.32, 27398.68, 27290.24, '226.00M', -0.09),
('2019-07-17', 27219.85, 27320.91, 27343.06, 27218.38, '196.78M', -0.42),
('2019-07-18', 27222.97, 27191.98, 27266.81, 27068.79, '218.82M', 0.01),
('2019-07-19', 27154.20, 27246.38, 27342.96, 27145.78, '287.69M', -0.25),
('2019-07-22', 27171.90, 27174.18, 27227.77, 27088.90, '226.95M', 0.07),
('2019-07-23', 27349.19, 27231.86, 27368.81, 27204.58, '250.80M', 0.65),
('2019-07-24', 27269.97, 27262.24, 27291.04, 27191.12, '245.88M', -0.29),
('2019-07-25', 27140.98, 27247.39, 27298.43, 27062.48, '244.02M', -0.47),
('2019-07-26', 27192.45, 27166.00, 27213.70, 27123.25, '243.20M', 0.19),
('2019-07-29', 27221.35, 27192.24, 27275.85, 27178.06, '259.32M', 0.11),
('2019-07-30', 27198.02, 27145.39, 27224.36, 27069.86, '293.25M', -0.09),
('2019-07-31', 26864.27, 27244.67, 27281.65, 26719.60, '389.00M', -1.23),
('2019-08-01', 26583.42, 26879.86, 27175.59, 26548.71, '390.49M', -1.05),
('2019-08-02', 26485.01, 26528.66, 26570.02, 26249.22, '335.72M', -0.37),
('2019-08-05', 25717.74, 26259.23, 26259.23, 25523.38, '423.37M', -2.90),
('2020-02-03', 28399.81, 28319.65, 28630.39, 28319.65, '315.50M', 0.51),
('2020-02-04', 28807.63, 28696.74, 28904.88, 28696.74, '332.75M', 1.44),
('2020-02-05', 29290.85, 29048.73, 29308.89, 29000.85, '357.54M', 1.68),
('2020-02-06', 29379.77, 29388.58, 29408.05, 29246.93, '263.70M', 0.30),
('2020-02-07', 29102.51, 29286.92, 29286.92, 29056.98, '253.87M', -0.94),
('2020-02-10', 29276.82, 28995.66, 29278.07, 28995.66, '257.46M', 0.60),
('2020-02-11', 29276.34, 29390.71, 29415.39, 29210.47, '281.85M', 0.00),
('2020-02-12', 29551.42, 29406.75, 29568.57, 29406.75, '309.53M', 0.94),
('2020-02-13', 29423.31, 29436.03, 29535.40, 29345.93, '294.36M', -0.43),
('2020-02-14', 29398.08, 29440.47, 29463.04, 29283.18, '232.55M', -0.09),
('2020-02-18', 29232.19, 29282.78, 29330.16, 29116.81, '264.16M', -0.56),
('2020-02-19', 29348.03, 29312.70, 29409.09, 29274.38, '242.65M', 0.40),
('2020-02-20', 29219.98, 29296.25, 29368.45, 28959.65, '289.07M', -0.44),
('2020-02-21', 28992.41, 29146.53, 29146.53, 28892.70, '313.44M', -0.78),
('2020-02-24', 27960.80, 28402.93, 28402.93, 27912.44, '458.71M', -3.56),
('2020-02-25', 27081.36, 28037.65, 28149.20, 26997.62, '513.27M', -3.15),
('2020-02-26', 26957.59, 27159.46, 27542.78, 26890.97, '477.57M', -0.46),
('2020-02-27', 25766.64, 26526.00, 26775.31, 25752.82, '670.37M', -4.42),
('2020-02-28', 25409.36, 25270.83, 25494.24, 24681.01, '922.68M', -1.39),
('2020-03-02', 26703.32, 25590.51, 26706.17, 25391.96, '637.20M', 5.09),
('2020-03-03', 25917.41, 26762.47, 27084.59, 25706.28, '647.08M', -2.94),
('2020-03-04', 27090.86, 26383.68, 27102.34, 26286.31, '457.59M', 4.53),
('2020-03-05', 26121.28, 26671.92, 26671.92, 25943.33, '477.37M', -3.58),
('2020-03-06', 25864.78, 25457.21, 25994.38, 25226.62, '601.01M', -0.98),
('2020-03-09', 23851.02, 24992.36, 24992.36, 23706.07, '750.43M', -7.79),
('2020-03-10', 25018.16, 24453.00, 25020.99, 23690.34, '654.86M', 4.89),
('2020-03-11', 23553.22, 24604.63, 24604.63, 23328.32, '663.96M', -5.86),
('2020-03-12', 21200.62, 22184.71, 22837.95, 21154.46, '911.77M', -9.99),
('2020-03-13', 23185.62, 21973.82, 23189.76, 21285.37, '843.08M', 9.36),
('2020-03-16', 20188.52, 20917.53, 21768.28, 20116.46, '775.91M', -12.93),
('2020-03-17', 21237.38, 20487.05, 21379.35, 19882.26, '795.84M', 5.20),
('2020-03-18', 19898.92, 20188.69, 20489.33, 18917.46, '874.09M', -6.30),
('2020-03-19', 20087.19, 19830.01, 20442.63, 19177.13, '795.80M', 0.95),
('2020-03-20', 19173.98, 20253.15, 20531.26, 19094.27, '872.29M', -4.55),
('2020-03-23', 18591.93, 19028.36, 19121.01, 18213.65, '801.24M', -3.04),
('2020-03-24', 20704.91, 19722.19, 20737.70, 19649.25, '808.47M', 11.37),
('2020-03-25', 21200.55, 21050.34, 22019.93, 20538.34, '803.31M', 2.39),
('2020-03-26', 22552.17, 21468.38, 22595.06, 21427.10, '713.73M', 6.38),
('2020-03-27', 21636.78, 21898.47, 22327.57, 21469.27, '591.33M', -4.06),
('2020-03-30', 22327.48, 21678.22, 22378.09, 21522.08, '546.85M', 3.19),
('2020-03-31', 21917.16, 22208.42, 22480.37, 21852.08, '573.59M', -1.84),
('2020-04-01', 20943.51, 21227.38, 21487.24, 20784.43, '508.31M', -4.44),
('2020-04-02', 21413.44, 20819.46, 21477.77, 20735.02, '534.67M', 2.24),
('2020-04-03', 21052.53, 21285.93, 21447.81, 20863.09, '451.62M', -1.69),
('2020-04-06', 22679.99, 21693.63, 22783.45, 21693.63, '614.20M', 7.73),
('2020-04-07', 22653.86, 23537.44, 23617.24, 22634.45, '595.87M', -0.12),
('2020-04-08', 23433.57, 22893.47, 23513.40, 22682.99, '476.09M', 3.44),
('2020-04-09', 23719.37, 23690.66, 24008.99, 23504.09, '568.72M', 1.22),
('2020-04-13', 23390.77, 23698.93, 23698.93, 23095.35, '396.56M', -1.39),
('2020-04-14', 23949.76, 23690.57, 24040.58, 23683.44, '487.96M', 2.39),
('2020-04-15', 23504.35, 23600.72, 23649.72, 23233.32, '442.15M', -1.86),
('2020-04-16', 23537.68, 23543.66, 23598.08, 23211.38, '478.62M', 0.14),
('2020-04-17', 24242.49, 23817.15, 24264.21, 23817.15, '530.28M', 2.99),
('2020-04-20', 23650.44, 24095.10, 24108.69, 23627.19, '427.35M', -2.44),
('2020-04-21', 23018.88, 23365.25, 23365.25, 22941.88, '487.65M', -2.67),
('2020-04-22', 23475.82, 23437.34, 23613.10, 23339.60, '356.39M', 1.99),
('2020-04-23', 23515.26, 23543.09, 23885.36, 23483.35, '393.57M', 0.17),
('2020-04-24', 23775.27, 23628.24, 23826.00, 23417.68, '379.31M', 1.11),
('2020-04-27', 24133.78, 23866.15, 24207.65, 23840.61, '391.02M', 1.51),
('2020-04-28', 24101.55, 24357.17, 24512.24, 24031.20, '405.71M', -0.13),
('2020-04-29', 24633.86, 24490.37, 24764.77, 24453.99, '462.48M', 2.21),
('2020-04-30', 24345.72, 24585.57, 24585.57, 24186.90, '487.84M', -1.17),
('2020-05-01', 23723.69, 24120.78, 24120.78, 23645.30, '421.59M', -2.55),
('2020-12-01', 29823.92, 29797.50, 30083.31, 29797.50, '435.44M', 0.63),
('2020-12-02', 29883.79, 29695.09, 29902.51, 29599.29, '389.33M', 0.20),
('2020-12-03', 29969.52, 29920.83, 30110.88, 29877.27, '408.41M', 0.29),
('2020-12-04', 30218.26, 29989.56, 30218.26, 29989.56, '363.09M', 0.83),
('2020-12-07', 30069.79, 30233.03, 30233.03, 29967.22, '370.58M', -0.49),
('2020-12-08', 30173.88, 29997.95, 30246.22, 29972.07, '314.83M', 0.35),
('2020-12-09', 30068.81, 30229.81, 30319.70, 29951.85, '383.74M', -0.35),
('2020-12-10', 29999.26, 30032.55, 30063.87, 29876.82, '326.93M', -0.23),
('2020-12-11', 30046.37, 29988.21, 30071.13, 29820.84, '396.01M', 0.16),
('2020-12-14', 29861.55, 30123.91, 30325.79, 29849.15, '371.98M', -0.62),
('2020-12-15', 30199.31, 29919.09, 30243.26, 29894.95, '419.48M', 1.13),
('2020-12-16', 30154.54, 30191.38, 30236.03, 30080.11, '349.54M', -0.15),
('2020-12-17', 30303.37, 30216.00, 30323.78, 30216.00, '345.53M', 0.49),
('2020-12-18', 30179.05, 30314.26, 30343.59, 30029.44, '798.23M', -0.41),
('2020-12-21', 30216.45, 30159.00, 30304.14, 29755.53, '445.69M', 0.12),
('2020-12-22', 30015.51, 30200.20, 30200.20, 29992.89, '392.52M', -0.67),
('2020-12-23', 30129.83, 30046.73, 30292.53, 30046.73, '275.38M', 0.38),
('2020-12-24', 30199.87, 30155.92, 30209.67, 30099.30, '146.44M', 0.23),
('2020-12-28', 30403.97, 30283.23, 30525.56, 30283.23, '303.08M', 0.68),
('2020-12-29', 30335.67, 30492.07, 30588.79, 30274.24, '358.87M', -0.22),
('2020-12-30', 30409.56, 30415.09, 30525.35, 30393.04, '296.14M', 0.24),
('2021-02-16', 31522.75, 31472.08, 31608.63, 31443.48, '336.99M', 0.20),
('2021-02-17', 31613.02, 31485.61, 31643.70, 31338.76, '345.86M', 0.29),
('2021-02-18', 31493.34, 31558.60, 31558.60, 31285.32, '325.99M', -0.38),
('2021-02-19', 31494.32, 31504.13, 31647.53, 31469.34, '353.07M', 0.00),
('2021-02-22', 31521.69, 31381.12, 31653.48, 31286.57, '389.68M', 0.09),
('2021-02-23', 31537.35, 31501.89, 31653.38, 31158.76, '461.92M', 0.05),
('2021-02-24', 31961.86, 31499.75, 32009.64, 31421.29, '413.35M', 1.35),
('2021-02-25', 31402.01, 31955.94, 31984.77, 31293.32, '458.96M', -1.75),
('2021-02-26', 30932.37, 31401.29, 31450.89, 30911.37, '538.91M', -1.50),
('2021-03-01', 31535.51, 31065.90, 31668.34, 31065.90, '387.58M', 1.95),
('2021-03-02', 31391.52, 31535.37, 31623.27, 31377.16, '341.28M', -0.46),
('2021-03-03', 31270.09, 31352.96, 31563.31, 31260.14, '411.61M', -0.39),
('2021-03-04', 30924.14, 31289.01, 31461.97, 30547.53, '551.23M', -1.11),
('2021-03-05', 31496.30, 31029.18, 31580.33, 30766.81, '505.35M', 1.85),
('2021-03-08', 31802.44, 31512.15, 32148.04, 31512.15, '499.58M', 0.97),
('2021-03-09', 31832.74, 31892.35, 32150.32, 31822.64, '463.74M', 0.10),
('2021-03-10', 32297.02, 31906.96, 32389.50, 31906.96, '410.23M', 1.46),
('2021-03-11', 32485.59, 32354.50, 32661.59, 32345.70, '402.40M', 0.58),
('2021-03-12', 32778.64, 32462.40, 32793.32, 32462.40, '348.29M', 0.90),
('2021-03-15', 32953.46, 32798.84, 32973.40, 32629.75, '362.08M', 0.53),
('2021-03-16', 32825.95, 32966.75, 32966.75, 32778.23, '387.91M', -0.39),
('2021-03-17', 33015.37, 32825.52, 33047.58, 32782.18, '391.81M', 0.58),
('2021-03-18', 32862.30, 32928.16, 33227.78, 32831.25, '421.02M', -0.46),
('2021-03-19', 32627.97, 32858.36, 32858.36, 32505.07, '847.02M', -0.71),
('2021-03-22', 32731.20, 32601.82, 32810.35, 32512.53, '384.32M', 0.32),
('2021-03-23', 32423.15, 32691.50, 32753.77, 32356.28, '388.13M', -0.94),
('2021-03-24', 32420.06, 32470.88, 32787.99, 32418.15, '405.06M', -0.01),
('2021-03-25', 32619.48, 32346.81, 32672.69, 32071.41, '413.49M', 0.62),
('2021-03-26', 33072.88, 32681.07, 33098.83, 32681.07, '383.45M', 1.39),
('2021-03-29', 33171.37, 33087.55, 33259.00, 32905.13, '351.61M', 0.30),
('2021-03-30', 33066.96, 33127.88, 33170.93, 32988.92, '309.57M', -0.31),
('2021-03-31', 32981.55, 33116.04, 33173.77, 32980.57, '418.64M', -0.26),
('2021-04-01', 33153.21, 33054.58, 33167.17, 32985.35, '318.34M', 0.52),
('2021-04-05', 33527.19, 33222.38, 33617.95, 33222.38, '345.15M', 1.13),
('2021-04-06', 33430.24, 33500.02, 33544.79, 33380.43, '298.31M', -0.29),
('2021-04-07', 33446.26, 33444.98, 33521.76, 33347.96, '279.88M', 0.05),
('2021-04-08', 33503.57, 33469.89, 33506.80, 33342.64, '306.19M', 0.17),
('2021-04-09', 33800.60, 33526.19, 33810.87, 33526.19, '317.82M', 0.89),
('2021-04-12', 33745.40, 33775.06, 33786.19, 33665.54, '329.02M', -0.16),
('2021-04-13', 33677.27, 33721.16, 33741.64, 33545.84, '330.00M', -0.20),
('2021-04-14', 33730.89, 33668.95, 33911.25, 33668.95, '318.67M', 0.16),
('2021-04-15', 34035.99, 33788.53, 34068.73, 33788.53, '321.83M', 0.90),
('2021-04-16', 34200.67, 34058.16, 34256.75, 34058.16, '348.18M', 0.48),
('2021-04-19', 34077.63, 34182.38, 34182.38, 33980.56, '315.62M', -0.36),
('2021-04-20', 33821.30, 34034.18, 34034.18, 33687.01, '354.20M', -0.75),
('2021-04-21', 34137.31, 33808.30, 34160.34, 33773.80, '293.51M', 0.93),
('2021-04-22', 33815.90, 34109.88, 34126.57, 33717.19, '346.58M', -0.94),
('2021-04-23', 34043.49, 33804.52, 34157.57, 33713.29, '349.67M', 0.67),
('2021-04-26', 33981.57, 34044.23, 34148.94, 33941.37, '285.41M', -0.18),
('2021-04-27', 33984.93, 33932.13, 34043.98, 33870.46, '294.95M', 0.01),
('2021-04-28', 33820.38, 33860.46, 33946.60, 33805.56, '353.02M', -0.48),
('2021-04-29', 34060.36, 33855.64, 34087.21, 33744.28, '409.60M', 0.71),
('2021-04-30', 33874.85, 33988.75, 33988.75, 33784.96, '376.11M', -0.54),
('2021-05-17', 34327.79, 34375.29, 34383.84, 34176.65, '293.36M', -0.16),
('2021-05-18', 34060.66, 34351.18, 34408.99, 34044.10, '301.78M', -0.78),
('2021-05-19', 33896.04, 33945.81, 33945.81, 33473.80, '354.00M', -0.48),
('2021-05-20', 34084.15, 33906.30, 34233.40, 33872.41, '324.40M', 0.55),
('2021-05-21', 34207.84, 34121.91, 34415.48, 34121.91, '308.84M', 0.36),
('2021-05-24', 34393.98, 34253.87, 34472.51, 34253.87, '251.81M', 0.54),
('2021-05-25', 34312.46, 34428.66, 34511.35, 34266.03, '289.95M', -0.24),
('2021-05-26', 34323.05, 34336.34, 34409.59, 34271.44, '259.81M', 0.03),
('2021-05-27', 34464.64, 34432.47, 34608.82, 34389.24, '520.63M', 0.41),
('2021-05-28', 34529.45, 34558.50, 34631.11, 34520.09, '290.85M', 0.19),
('2021-06-01', 34575.31, 34584.19, 34849.32, 34542.87, '294.79M', 0.13),
('2021-06-02', 34600.38, 34614.62, 34706.65, 34545.96, '265.16M', 0.07),
('2021-06-03', 34577.04, 34550.31, 34667.41, 34334.41, '299.74M', -0.07),
('2021-06-04', 34756.39, 34618.69, 34772.12, 34618.69, '271.56M', 0.52),
('2021-06-07', 34630.24, 34766.20, 34820.91, 34574.51, '259.44M', -0.36),
('2021-06-08', 34599.82, 34645.84, 34665.38, 34452.94, '296.09M', -0.09),
('2021-06-09', 34447.14, 34626.16, 34654.67, 34439.37, '246.54M', -0.44),
('2021-06-10', 34466.24, 34502.51, 34737.79, 34447.25, '310.88M', 0.06),
('2021-06-11', 34479.60, 34499.81, 34618.09, 34328.65, '262.62M', 0.04),
('2021-06-14', 34393.75, 34472.52, 34472.52, 34211.54, '302.55M', -0.25),
('2021-06-15', 34299.33, 34397.10, 34420.38, 34199.16, '274.13M', -0.27),
('2021-06-16', 34033.67, 34308.48, 34333.25, 33917.11, '348.03M', -0.77),
('2021-06-17', 33823.45, 34014.38, 34091.79, 33626.61, '355.92M', -0.62),
('2021-06-18', 33290.08, 33622.70, 33622.70, 33271.93, '569.38M', -1.58),
('2021-06-21', 33876.97, 33312.07, 33908.09, 33312.07, '324.44M', 1.76),
('2021-06-22', 33945.58, 33872.56, 34040.70, 33751.06, '285.33M', 0.20),
('2021-06-23', 33874.24, 33948.54, 34009.40, 33869.83, '257.05M', -0.21),
('2021-06-24', 34196.82, 33933.91, 34233.02, 33933.91, '279.38M', 0.95),
('2021-06-25', 34433.84, 34328.10, 34501.02, 34314.80, '456.03M', 0.69),
('2021-06-28', 34283.27, 34428.10, 34449.65, 34186.13, '281.29M', -0.44),
('2021-06-29', 34292.29, 34338.89, 34469.83, 34266.83, '288.65M', 0.03),
('2021-06-30', 34502.51, 34290.74, 34553.16, 34245.48, '298.63M', 0.61),
('2021-08-02', 34838.16, 34968.56, 35192.11, 34808.20, '244.89M', -0.28),
('2021-08-03', 35116.40, 34864.10, 35120.94, 34714.33, '259.82M', 0.80),
('2021-08-04', 34792.67, 35047.44, 35047.44, 34790.62, '245.30M', -0.92),
('2021-08-05', 35064.25, 34815.61, 35067.54, 34815.61, '217.39M', 0.78),
('2021-08-06', 35208.51, 35077.44, 35246.79, 35077.44, '231.57M', 0.41),
('2021-08-09', 35101.85, 35229.67, 35229.67, 35041.24, '207.85M', -0.30),
('2021-08-10', 35264.67, 35135.17, 35285.16, 35091.91, '255.24M', 0.46),
('2021-08-11', 35484.97, 35300.89, 35501.16, 35300.89, '233.04M', 0.62),
('2021-08-12', 35499.85, 35481.94, 35510.77, 35352.53, '236.16M', 0.04),
('2021-08-13', 35515.38, 35551.56, 35610.57, 35474.78, '238.68M', 0.04),
('2021-08-16', 35625.40, 35490.83, 35631.19, 35231.87, '294.01M', 0.31),
('2021-08-17', 35343.28, 35500.01, 35500.01, 35120.31, '310.15M', -0.79),
('2021-08-18', 34960.69, 35310.20, 35356.80, 34943.41, '291.06M', -1.08),
('2021-08-19', 34894.12, 34874.67, 34997.81, 34690.25, '335.05M', -0.19),
('2021-08-20', 35120.08, 34917.96, 35177.26, 34867.07, '269.55M', 0.65),
('2021-08-23', 35335.71, 35160.97, 35428.91, 35160.97, '250.96M', 0.61),
('2021-08-24', 35366.26, 35382.72, 35445.47, 35356.18, '230.48M', 0.09),
('2021-08-25', 35405.50, 35388.77, 35501.14, 35287.63, '239.71M', 0.11),
('2021-08-26', 35213.12, 35449.68, 35498.45, 35205.10, '239.93M', -0.54),
('2021-08-27', 35455.80, 35231.11, 35479.18, 35231.11, '242.14M', 0.69),
('2021-08-30', 35399.84, 35471.80, 35510.71, 35374.46, '246.81M', -0.16),
('2021-08-31', 35360.73, 35391.38, 35449.79, 35289.86, '337.24M', -0.11),
('2021-09-01', 35312.53, 35387.55, 35407.37, 35287.05, '266.57M', -0.14),
('2022-02-01', 35405.24, 35151.47, 35441.09, 34977.95, '394.90M', 0.78),
('2022-02-02', 35629.33, 35378.19, 35679.20, 35290.12, '364.06M', 0.63),
('2022-02-03', 35111.16, 35520.08, 35535.94, 35071.06, '390.18M', -1.45),
('2022-02-04', 35089.74, 35095.74, 35333.55, 34799.08, '349.88M', -0.06),
('2022-02-07', 35091.13, 35108.38, 35325.01, 34993.98, '328.91M', 0.00),
('2022-02-08', 35462.78, 35160.68, 35544.89, 35090.42, '333.94M', 1.06),
('2022-02-09', 35768.06, 35614.90, 35824.28, 35614.90, '339.61M', 0.86),
('2022-02-10', 35241.59, 35630.81, 35800.24, 35100.72, '416.71M', -1.47),
('2022-02-11', 34738.06, 35267.89, 35431.15, 34620.52, '410.40M', -1.43),
('2022-02-14', 34566.17, 34694.50, 34744.56, 34304.28, '373.41M', -0.49),
('2022-02-15', 34988.84, 34686.19, 35047.79, 34686.19, '305.67M', 1.22),
('2022-02-16', 34934.27, 34951.83, 35042.09, 34642.64, '309.36M', -0.16),
('2022-02-17', 34312.03, 34858.47, 34858.47, 34246.23, '351.85M', -1.78),
('2022-02-18', 34079.18, 34310.45, 34423.58, 33976.18, '414.08M', -0.68),
('2022-02-22', 33596.61, 33974.09, 34024.74, 33364.29, '438.32M', -1.42),
('2022-02-23', 33131.76, 33680.97, 33832.59, 33084.90, '376.49M', -1.38),
('2022-02-24', 33223.83, 32830.33, 33269.34, 32272.64, '593.19M', 0.28),
('2022-02-25', 34058.75, 33277.22, 34095.74, 33277.22, '421.17M', 2.51),
('2022-02-28', 33892.60, 33870.62, 33963.63, 33469.31, '451.81M', -0.49),
('2022-03-01', 33294.95, 33813.48, 33870.14, 33107.67, '442.31M', -1.76),
('2022-03-02', 33891.35, 33379.51, 34013.67, 33379.51, '402.81M', 1.79),
('2022-03-03', 33794.66, 33972.87, 34179.07, 33641.53, '369.87M', -0.29),
('2022-03-04', 33614.80, 33655.43, 33655.43, 33254.12, '412.93M', -0.53),
('2022-03-07', 32817.38, 33579.75, 33579.75, 32806.15, '493.67M', -2.37),
('2022-03-08', 32632.64, 32885.17, 33402.98, 32578.73, '553.75M', -0.56),
('2022-03-09', 33286.25, 32860.42, 33457.28, 32860.42, '421.55M', 2.00),
('2022-03-10', 33174.07, 33106.77, 33236.59, 32819.76, '399.48M', -0.34),
('2022-03-11', 32944.19, 33279.72, 33515.61, 32911.89, '369.48M', -0.69),
('2022-03-14', 32945.24, 33000.37, 33395.59, 32818.16, '401.15M', 0.00),
('2022-03-15', 33544.34, 32989.27, 33620.84, 32989.27, '394.82M', 1.82),
('2022-03-16', 34063.10, 33653.93, 34075.94, 33391.24, '430.18M', 1.55),
('2022-03-17', 34480.76, 33995.39, 34483.92, 33896.06, '339.47M', 1.23),
('2022-03-18', 34754.93, 34466.72, 34755.20, 34279.83, '627.89M', 0.80),
('2022-03-21', 34552.99, 34669.85, 34808.28, 34341.81, '408.49M', -0.58),
('2022-03-22', 34807.46, 34583.24, 34882.03, 34583.24, '368.55M', 0.74),
('2022-03-23', 34358.50, 34748.84, 34748.84, 34352.96, '349.59M', -1.29),
('2022-03-24', 34707.94, 34406.81, 34713.56, 34355.42, '324.87M', 1.02),
('2022-03-25', 34861.24, 34702.39, 34942.70, 34631.52, '287.07M', 0.44),
('2022-03-28', 34955.89, 34833.03, 34957.93, 34552.23, '302.86M', 0.27),
('2022-03-29', 35294.19, 35114.35, 35372.26, 35030.07, '355.05M', 0.97),
('2022-03-30', 35228.81, 35273.63, 35361.36, 35058.58, '324.67M', -0.19),
('2022-03-31', 34678.35, 35201.52, 35201.52, 34677.99, '438.36M', -1.56),
('2022-04-01', 34818.27, 34740.89, 34847.91, 34538.25, '346.81M', 0.40),
('2022-08-01', 32798.40, 32755.71, 32972.03, 32640.79, '325.50M', -0.14),
('2022-08-02', 32396.17, 32691.29, 32772.93, 32387.12, '320.39M', -1.23),
('2022-08-03', 32812.50, 32514.21, 32912.74, 32514.21, '344.30M', 1.29),
('2022-08-04', 32726.82, 32805.69, 32829.22, 32652.63, '318.77M', -0.26),
('2022-08-05', 32803.47, 32593.90, 32814.61, 32489.62, '276.17M', 0.23),
('2022-08-08', 32832.54, 32877.36, 33109.96, 32769.10, '279.11M', 0.09),
('2022-08-09', 32774.41, 32807.36, 32877.53, 32702.66, '283.45M', -0.18),
('2022-08-10', 33309.51, 33130.63, 33364.41, 33130.63, '317.91M', 1.63),
('2022-08-11', 33336.67, 33451.51, 33651.80, 33289.83, '309.72M', 0.08),
('2022-08-12', 33761.05, 33430.72, 33767.09, 33398.32, '299.14M', 1.27),
('2022-08-15', 33912.44, 33710.70, 33954.71, 33582.96, '263.72M', 0.45),
('2022-08-16', 34152.01, 33924.35, 34281.36, 33852.57, '291.75M', 0.71),
('2022-08-17', 33980.32, 34029.55, 34161.01, 33828.41, '285.73M', -0.50),
('2022-08-18', 33999.04, 33981.86, 34043.83, 33844.46, '284.14M', 0.06),
('2022-08-19', 33706.74, 33904.69, 33904.69, 33627.09, '298.43M', -0.86),
('2022-08-22', 33063.61, 33586.59, 33586.59, 33007.63, '308.90M', -1.91),
('2022-08-23', 32909.59, 33033.52, 33138.26, 32858.89, '254.46M', -0.47),
('2022-08-24', 32969.23, 32899.01, 33095.50, 32828.56, '258.94M', 0.18),
('2022-08-25', 33291.78, 33029.27, 33306.09, 32889.85, '308.53M', 0.98),
('2022-08-26', 32283.40, 33293.43, 33364.70, 32278.22, '352.85M', -3.03),
('2022-08-29', 32098.99, 32188.00, 32325.16, 31972.79, '320.09M', -0.57),
('2022-08-30', 31790.87, 32163.84, 32205.66, 31647.22, '328.64M', -0.96),
('2022-08-31', 31510.43, 31827.15, 31966.04, 31509.59, '392.78M', -0.88),
('2022-09-01', 31656.42, 31454.58, 31677.51, 31219.75, '339.36M', 0.46),
('2022-09-02', 31318.44, 31848.50, 32026.90, 31182.09, '306.18M', -1.07),
('2022-09-06', 31145.30, 31343.79, 31463.89, 31048.46, '348.98M', -0.55),
('2022-09-07', 31581.28, 31145.63, 31644.34, 31095.21, '355.10M', 1.40),
('2022-09-08', 31774.52, 31481.95, 31783.37, 31321.50, '344.34M', 0.61),
('2022-09-09', 32151.71, 31876.22, 32227.74, 31876.22, '312.40M', 1.19),
('2022-09-12', 32381.34, 32159.49, 32504.04, 32159.49, '343.96M', 0.71),
('2022-09-13', 31104.97, 32006.50, 32006.50, 31018.54, '433.80M', -3.94),
('2022-09-14', 31135.09, 31141.02, 31276.82, 30885.02, '353.88M', 0.10),
('2022-09-15', 30961.82, 31124.68, 31277.69, 30882.08, '349.09M', -0.56),
('2022-09-16', 30822.42, 30866.61, 30866.61, 30550.08, '627.92M', -0.45),
('2022-09-19', 31019.68, 30722.86, 31026.89, 30559.37, '296.57M', 0.64),
('2022-09-20', 30706.23, 30888.53, 30888.53, 30465.91, '320.69M', -1.01),
('2022-09-21', 30183.78, 30819.39, 31020.79, 30181.99, '354.96M', -1.70),
('2022-09-22', 30076.68, 30204.52, 30302.28, 29994.53, '335.27M', -0.35),
('2022-09-23', 29590.41, 29955.65, 29955.65, 29250.47, '389.45M', -1.62),
('2022-09-26', 29260.81, 29536.84, 29630.77, 29161.12, '374.49M', -1.11),
('2022-09-27', 29134.99, 29419.88, 29659.12, 28958.22, '356.59M', -0.43),
('2022-09-28', 29683.74, 29198.92, 29811.78, 29114.97, '439.14M', 1.88),
('2022-09-29', 29225.61, 29513.73, 29513.73, 28997.34, '392.42M', -1.54),
('2022-09-30', 28725.51, 29123.03, 29355.78, 28715.85, '466.86M', -1.71),
('2023-01-03', 33136.37, 33148.90, 33387.52, 32850.57, '358.61M', -0.03),
('2023-01-04', 33269.77, 33165.14, 33409.10, 33033.48, '383.35M', 0.40),
('2023-01-05', 32930.08, 33191.72, 33191.72, 32812.33, '342.67M', -1.02),
('2023-01-06', 33630.61, 33055.30, 33710.66, 32997.39, '365.50M', 2.13),
('2023-01-09', 33517.65, 33664.39, 33935.11, 33487.66, '327.85M', -0.34),
('2023-01-10', 33704.10, 33516.43, 33726.54, 33421.80, '269.50M', 0.56),
('2023-01-11', 33973.01, 33754.03, 33974.69, 33711.04, '301.65M', 0.80),
('2023-01-12', 34189.97, 34047.86, 34292.67, 33792.10, '308.20M', 0.64),
('2023-01-13', 34302.61, 34075.31, 34342.32, 33915.49, '274.12M', 0.33),
('2023-01-17', 33910.85, 34222.32, 34269.97, 33860.67, '355.39M', -1.14),
('2023-01-18', 33296.96, 33948.49, 34016.53, 33269.90, '354.57M', -1.81),
('2023-01-19', 33044.56, 33171.35, 33227.49, 32982.05, '321.33M', -0.76),
('2023-01-20', 33375.49, 33073.46, 33381.95, 32948.93, '369.42M', 1.00),
('2023-01-23', 33629.56, 33439.56, 33782.88, 33316.25, '357.54M', 0.76),
('2023-01-24', 33733.96, 33444.72, 33782.92, 33310.56, '305.71M', 0.31),
('2023-01-25', 33743.84, 33538.36, 33773.09, 33273.21, '344.39M', 0.03),
('2023-01-26', 33949.41, 33771.66, 33953.79, 33635.60, '333.74M', 0.61),
('2023-01-27', 33978.08, 33952.93, 34164.33, 33830.85, '444.13M', 0.08),
('2023-01-30', 33717.09, 33909.21, 34055.29, 33695.18, '346.04M', -0.77),
('2023-01-31', 34086.04, 33803.56, 34095.23, 33664.91, '360.25M', 1.09),
('2023-02-01', 34092.96, 34039.60, 34334.70, 33581.42, '370.13M', 0.02),
('2023-02-02', 34053.94, 34129.30, 34145.14, 33814.78, '442.57M', -0.11),
('2023-02-03', 33926.01, 33926.30, 34179.58, 33813.86, '425.15M', -0.38),
('2023-02-06', 33891.02, 33874.44, 33962.84, 33683.58, '296.40M', -0.10),
('2023-02-07', 34156.69, 33769.78, 34240.00, 33634.10, '361.63M', 0.78),
('2023-02-08', 33949.01, 34132.90, 34161.65, 33899.79, '324.09M', -0.61),
('2023-02-09', 33699.88, 34105.61, 34252.57, 33607.13, '347.53M', -0.73),
('2023-02-10', 33869.27, 33671.54, 33897.31, 33591.99, '289.72M', 0.50),
('2023-02-13', 34245.93, 33887.39, 34249.60, 33887.39, '303.58M', 1.11),
('2023-02-14', 34089.27, 34194.09, 34331.47, 33827.45, '291.75M', -0.46),
('2023-02-15', 34128.05, 34008.63, 34130.49, 33833.10, '269.85M', 0.11),
('2023-02-16', 33696.85, 33992.09, 34041.16, 33686.59, '317.54M', -1.26),
('2023-02-17', 33826.69, 33677.01, 33846.64, 33517.73, '303.77M', 0.39),
('2023-02-21', 33129.59, 33699.69, 33699.69, 33115.74, '348.32M', -2.06),
('2023-02-22', 33045.09, 33169.33, 33245.97, 32948.27, '325.33M', -0.26),
('2023-02-23', 33153.91, 33175.39, 33272.40, 32795.67, '288.13M', 0.33),
('2023-02-24', 32816.92, 32999.19, 32999.19, 32643.48, '277.12M', -1.02),
('2023-02-27', 32889.09, 32906.16, 33189.28, 32814.18, '246.23M', 0.22),
('2023-02-28', 32656.70, 32873.47, 32873.47, 32636.43, '308.69M', -0.71),
('2023-03-01', 32661.84, 32656.37, 32746.15, 32500.71, '296.34M', 0.02),
('2023-03-02', 33003.57, 32780.97, 33083.45, 32665.85, '319.32M', 1.05),
('2023-03-03', 33390.97, 33076.33, 33405.82, 33008.41, '302.95M', 1.17),
('2023-03-06', 33431.44, 33425.32, 33572.22, 33383.47, '329.82M', 0.12),
('2023-03-07', 32856.46, 33428.31, 33453.25, 32838.21, '301.59M', -1.72),
('2023-03-08', 32798.40, 32872.08, 32903.44, 32612.70, '242.76M', -0.18),
('2023-03-09', 32254.86, 32876.83, 32990.46, 32190.60, '318.64M', -1.66),
('2023-03-10', 31909.64, 32185.14, 32422.10, 31783.41, '400.24M', -1.07),
('2023-03-13', 31819.14, 31819.93, 32240.35, 31624.87, '431.15M', -0.28),
('2023-03-14', 32155.40, 32055.29, 32306.59, 31805.40, '395.73M', 1.06),
('2023-03-15', 31874.57, 31759.87, 31906.47, 31429.82, '428.11M', -0.87),
('2023-03-16', 32246.55, 31827.65, 32281.61, 31571.46, '444.39M', 1.17),
('2023-03-17', 31861.98, 32217.32, 32217.32, 31728.70, '722.09M', -1.19),
('2023-03-20', 32244.58, 31872.33, 32280.07, 31872.33, '360.21M', 1.20),
('2023-03-21', 32560.60, 32420.71, 32593.68, 32346.12, '367.47M', 0.98),
('2023-03-22', 32030.11, 32570.19, 32761.89, 32020.46, '333.03M', -1.63),
('2023-03-23', 32105.25, 32101.49, 32511.49, 31864.74, '335.43M', 0.23),
('2023-03-24', 32237.53, 32038.22, 32257.24, 31805.18, '317.08M', 0.41),
('2023-03-27', 32432.08, 32276.72, 32564.00, 32276.72, '291.56M', 0.60),
('2023-03-28', 32394.25, 32434.85, 32551.01, 32295.50, '248.56M', -0.12),
('2023-03-29', 32717.60, 32566.54, 32728.04, 32539.94, '317.45M', 1.00),
('2023-03-30', 32859.03, 32807.43, 32905.80, 32682.87, '289.10M', 0.43),
('2023-03-31', 33274.15, 32901.96, 33291.00, 32901.96, '353.74M', 1.26),
('2023-04-03', 33601.15, 33245.78, 33632.90, 33245.78, '316.61M', 0.98),
('2023-04-04', 33402.38, 33594.79, 33634.72, 33275.62, '287.79M', -0.59),
('2023-04-05', 33482.72, 33394.60, 33543.84, 33376.27, '288.10M', 0.24),
('2023-04-06', 33485.29, 33420.96, 33525.96, 33325.37, '258.68M', 0.01),
('2023-04-10', 33586.52, 33425.25, 33590.24, 33343.43, '232.92M', 0.30),
('2023-04-11', 33684.79, 33586.75, 33781.29, 33586.75, '241.44M', 0.29),
('2023-04-12', 33646.50, 33764.21, 33895.43, 33593.32, '260.31M', -0.11),
('2023-04-13', 34029.69, 33668.97, 34054.99, 33605.17, '277.24M', 1.14),
('2023-04-14', 33886.47, 33981.71, 34082.94, 33730.85, '276.72M', -0.42),
('2023-04-17', 33987.18, 33930.46, 33991.23, 33796.91, '235.83M', 0.30),
('2023-04-18', 33976.63, 33965.16, 34018.62, 33791.89, '256.48M', -0.03),
('2023-04-19', 33897.01, 33889.83, 33957.98, 33814.65, '254.11M', -0.23),
('2023-04-20', 33786.62, 33740.60, 33875.39, 33677.74, '309.68M', -0.33),
('2023-04-21', 33808.96, 33793.60, 33858.83, 33688.57, '294.96M', 0.07),
('2023-04-24', 33875.40, 33805.04, 33891.15, 33726.09, '260.22M', 0.20),
('2023-04-25', 33530.83, 33828.34, 33875.49, 33525.39, '302.75M', -1.02),
('2023-04-26', 33301.87, 33596.34, 33645.83, 33235.85, '325.37M', -0.68),
('2023-04-27', 33826.16, 33381.66, 33859.75, 33374.65, '347.46M', 1.57),
('2023-04-28', 34098.16, 33797.43, 34104.56, 33728.37, '358.27M', 0.80),
('2023-05-01', 34051.70, 34116.81, 34257.83, 34030.14, '248.60M', -0.14),
('2023-05-02', 33684.53, 34017.62, 34017.75, 33436.66, '275.73M', -1.08),
('2023-05-03', 33414.24, 33726.64, 33811.84, 33396.05, '292.78M', -0.80),
('2023-05-04', 33127.74, 33347.78, 33354.86, 32937.50, '317.32M', -0.86),
('2023-05-05', 33674.38, 33248.55, 33748.43, 33248.55, '318.57M', 1.65),
('2023-05-08', 33618.69, 33715.15, 33747.49, 33509.23, '225.68M', -0.17),
('2023-05-09', 33561.81, 33589.85, 33656.40, 33509.72, '235.14M', -0.17),
('2023-05-10', 33531.33, 33707.20, 33772.09, 33239.45, '278.73M', -0.09),
('2023-05-11', 33309.51, 33383.89, 33389.88, 33127.70, '306.79M', -0.66),
('2023-05-12', 33300.62, 33370.58, 33406.40, 33110.61, '228.72M', -0.03),
('2023-05-15', 33348.60, 33321.21, 33400.30, 33161.93, '224.52M', 0.14),
('2023-05-16', 33012.14, 33275.37, 33290.85, 33006.19, '247.67M', -1.01),
('2023-05-17', 33420.77, 33092.48, 33472.38, 33050.41, '310.71M', 1.24),
('2023-05-18', 33535.91, 33374.56, 33579.91, 33212.09, '333.07M', 0.34),
('2023-05-19', 33426.63, 33582.95, 33652.90, 33336.66, '315.21M', -0.33),
('2023-05-22', 33286.58, 33408.54, 33512.30, 33207.85, '271.48M', -0.42),
('2023-05-23', 33055.51, 33190.60, 33310.17, 33013.29, '294.26M', -0.69),
('2023-05-24', 32799.92, 33021.76, 33031.75, 32752.44, '253.32M', -0.77),
('2023-05-25', 32764.65, 32854.26, 32870.43, 32586.56, '371.26M', -0.11),
('2023-05-26', 33093.34, 32795.50, 33162.06, 32795.50, '333.80M', 1.00),
('2023-05-30', 33042.78, 33103.65, 33132.70, 32893.97, '324.22M', -0.15),
('2023-05-31', 32908.27, 32948.71, 32984.83, 32739.73, '695.13M', -0.41);

-- --------------------------------------------------------

--
-- Table structure for table `stock_data`
--

CREATE TABLE `stock_data` (
  `CompanyID` int(11) DEFAULT NULL,
  `Date` date DEFAULT NULL,
  `Open` decimal(15,6) DEFAULT NULL,
  `High` decimal(15,6) DEFAULT NULL,
  `Low` decimal(15,6) DEFAULT NULL,
  `Close` decimal(15,6) DEFAULT NULL,
  `AdjClose` decimal(15,6) DEFAULT NULL,
  `Volume` int(11) DEFAULT NULL
);

--
-- Dumping data for table `stock_data`
--

INSERT INTO `stock_data` (`CompanyID`, `Date`, `Open`, `High`, `Low`, `Close`, `AdjClose`, `Volume`) VALUES
(2, '2017-06-19', 46.630001, 46.630001, 46.290001, 46.570000, 33.120110, 9773500),
(2, '2017-06-20', 46.400002, 46.410000, 45.740002, 45.939999, 32.672058, 16756100),
(2, '2017-06-21', 45.950001, 46.020000, 45.090000, 45.410000, 32.295128, 15027200),
(2, '2017-06-22', 45.470001, 45.590000, 45.180000, 45.419998, 32.302238, 10511300),
(2, '2017-06-23', 45.430000, 45.459999, 45.299999, 45.389999, 32.280903, 10069700),
(2, '2017-06-26', 45.450001, 45.980000, 45.450001, 45.750000, 32.536930, 10105500),
(2, '2017-06-27', 44.970001, 45.150002, 44.810001, 44.840000, 31.889753, 20187200),
(2, '2017-06-28', 44.980000, 45.230000, 44.680000, 44.840000, 31.889753, 18703600),
(1, '2017-08-31', 141.779999, 143.270004, 141.770004, 142.470001, 133.829483, 425400),
(1, '2017-09-01', 142.729996, 143.369995, 141.589996, 141.589996, 133.002869, 363000),
(1, '2017-09-05', 141.419998, 142.490005, 140.570007, 141.100006, 132.542526, 495000),
(1, '2017-09-06', 141.580002, 142.139999, 141.020004, 141.389999, 132.814987, 452300),
(1, '2017-09-07', 141.449997, 143.270004, 141.350006, 142.720001, 134.064301, 518500),
(1, '2017-09-08', 121.820000, 125.500000, 117.250000, 123.230003, 115.756340, 16854700),
(1, '2017-09-11', 121.529999, 122.000000, 111.169998, 113.120003, 106.259506, 9825500),
(1, '2017-09-12', 112.970001, 116.080002, 112.180000, 115.959999, 108.927231, 6939100),
(1, '2017-09-13', 116.550003, 116.750000, 98.040001, 98.989998, 92.986450, 17508900),
(4, '2017-09-21', 48.565498, 48.584999, 48.101002, 48.232498, 48.232498, 46752000),
(4, '2017-09-22', 48.050499, 48.280499, 47.721001, 47.755001, 47.755001, 52836000),
(4, '2017-09-25', 47.465500, 47.471001, 46.644501, 46.989498, 46.989498, 102480000),
(4, '2017-09-26', 47.274502, 47.431499, 46.587502, 46.930000, 46.930000, 71296000),
(4, '2017-09-27', 47.400002, 47.764999, 47.165001, 47.543499, 47.543499, 62978000),
(4, '2017-09-28', 47.592999, 47.985001, 47.505001, 47.820000, 47.820000, 50452000),
(4, '2017-09-29', 48.005501, 48.241501, 47.918999, 48.067501, 48.067501, 50876000),
(4, '2017-10-02', 48.200001, 48.365501, 47.605999, 47.959499, 47.959499, 48858000),
(4, '2017-10-03', 47.900002, 48.184502, 47.518501, 47.855000, 47.855000, 53332000),
(4, '2017-10-04', 47.710499, 48.389500, 47.702499, 48.272499, 48.272499, 50548000),
(6, '2018-11-23', 116.510002, 118.000000, 115.800003, 117.260002, 113.000832, 445200),
(6, '2018-11-26', 118.989998, 120.510002, 118.279999, 119.900002, 115.544930, 1284600),
(6, '2018-11-27', 120.000000, 120.400002, 119.070000, 119.970001, 115.612396, 1539400),
(6, '2018-11-28', 119.989998, 122.269997, 118.519997, 122.190002, 117.751747, 1497700),
(6, '2018-11-29', 121.370003, 122.830002, 120.550003, 121.839996, 117.414459, 1180700),
(6, '2018-11-30', 113.599998, 116.720001, 113.379997, 115.029999, 110.851830, 9553400),
(6, '2018-12-03', 116.000000, 120.089996, 115.690002, 119.529999, 115.188385, 3621000),
(6, '2018-12-04', 119.000000, 119.230003, 112.919998, 113.500000, 109.377396, 3097500),
(6, '2018-12-06', 111.680000, 115.500000, 111.110001, 115.320000, 111.131302, 2921400),
(11, '2018-09-21', 166.639999, 167.250000, 162.809998, 162.929993, 162.757309, 45994800),
(11, '2018-09-24', 161.029999, 165.699997, 160.880005, 165.410004, 165.234680, 19222800),
(11, '2018-09-25', 161.990005, 165.589996, 161.149994, 164.910004, 164.735214, 27622800),
(11, '2018-09-26', 164.300003, 169.300003, 164.210007, 166.949997, 166.773041, 25252200),
(11, '2018-09-27', 167.550003, 171.770004, 167.210007, 168.839996, 168.661041, 27266900),
(11, '2018-09-28', 168.330002, 168.789993, 162.559998, 164.460007, 164.285690, 34265600),
(11, '2018-10-01', 163.029999, 165.880005, 161.259995, 162.440002, 162.267838, 26407700),
(11, '2018-10-02', 161.580002, 162.279999, 158.669998, 159.330002, 159.161133, 36031000),
(11, '2018-10-03', 160.000000, 163.660004, 159.529999, 162.429993, 162.257828, 23109500),
(11, '2018-10-04', 161.460007, 161.460007, 157.350006, 158.850006, 158.681641, 25739600),
(7, '2018-03-22', 15.750000, 16.010000, 15.640000, 15.730000, 15.730000, 4392800),
(7, '2018-03-23', 15.880000, 16.070000, 15.600000, 15.780000, 15.780000, 5545200),
(7, '2018-03-26', 16.000000, 16.690001, 15.670000, 16.670000, 16.670000, 6012700),
(7, '2018-03-27', 16.650000, 16.860001, 16.360001, 16.440001, 16.440001, 5194700),
(7, '2018-03-28', 16.459999, 16.740000, 16.160000, 16.330000, 16.330000, 4743300),
(7, '2018-03-29', 16.360001, 16.740000, 16.340000, 16.350000, 16.350000, 6630100),
(7, '2018-04-02', 16.000000, 16.180000, 15.850000, 16.100000, 16.100000, 6541800),
(7, '2018-04-03', 16.200001, 16.850000, 16.080000, 16.820000, 16.820000, 5246500),
(7, '2018-04-04', 16.629999, 17.950001, 16.600000, 17.889999, 17.889999, 10737500),
(8, '2018-08-17', 65.870003, 66.059998, 65.550003, 65.900002, 65.353210, 3088400),
(8, '2018-08-20', 65.739998, 66.239998, 65.500000, 65.839996, 65.293701, 2621400),
(8, '2018-08-21', 65.769997, 66.639999, 65.769997, 66.510002, 65.958138, 1973900),
(8, '2018-08-22', 66.279999, 66.410004, 65.519997, 65.809998, 65.263954, 1750200),
(8, '2018-08-23', 65.500000, 65.900002, 65.180000, 65.209999, 64.668930, 1564500),
(8, '2018-08-24', 65.449997, 65.930000, 65.169998, 65.410004, 64.867279, 1945600),
(8, '2018-08-27', 65.199997, 65.940002, 65.199997, 65.800003, 65.254036, 1629300),
(8, '2018-08-28', 65.849998, 66.089996, 65.410004, 65.589996, 65.045769, 1697800),
(8, '2018-08-29', 65.739998, 66.489998, 65.510002, 65.980003, 65.432541, 2411700),
(8, '2018-08-30', 65.570000, 66.360001, 65.330002, 66.010002, 65.462296, 1965700),
(9, '2018-10-01', 60.650002, 61.209999, 60.159500, 60.426498, 60.426498, 33164000),
(9, '2018-10-02', 60.333500, 61.226002, 59.983002, 60.382000, 60.382000, 40180000),
(9, '2018-10-03', 60.599998, 60.709000, 60.107498, 60.576500, 60.576500, 26246000),
(9, '2018-10-04', 60.251499, 60.294998, 58.192501, 58.853500, 58.853500, 46576000),
(9, '2018-10-05', 58.799999, 59.099998, 57.716000, 58.391499, 58.391499, 31852000),
(9, '2018-10-08', 58.000000, 58.792999, 56.770000, 57.796001, 57.796001, 46190000),
(9, '2018-10-09', 57.565498, 58.077499, 57.208500, 57.258499, 57.258499, 33690000),
(9, '2018-10-10', 56.820000, 56.851002, 54.575500, 54.608002, 54.608002, 58980000),
(9, '2018-10-11', 53.952000, 55.803001, 53.794498, 54.536999, 54.536999, 67696000),
(9, '2018-10-12', 55.981998, 56.291500, 54.751499, 56.027000, 56.027000, 49370000),
(12, '2019-07-22', 90.519997, 92.209999, 90.339996, 91.720001, 84.079308, 2917100),
(12, '2019-07-23', 91.930000, 94.500000, 91.800003, 94.339996, 86.481033, 2275600),
(12, '2019-07-24', 94.260002, 97.129997, 93.739998, 96.919998, 88.846115, 3945000),
(12, '2019-07-25', 96.849998, 96.870003, 95.550003, 95.900002, 87.911072, 2427700),
(12, '2019-07-26', 95.989998, 98.620003, 95.589996, 98.080002, 89.909462, 3221300),
(12, '2019-07-29', 98.029999, 98.279999, 96.589996, 96.919998, 88.846115, 2427900),
(12, '2019-07-30', 91.480003, 92.000000, 89.290001, 91.209999, 83.611763, 12268200),
(12, '2019-07-31', 91.300003, 93.410004, 90.940002, 92.419998, 84.720978, 5102800),
(12, '2019-08-01', 92.419998, 93.650002, 91.070000, 91.300003, 83.694290, 3517000),
(12, '2019-08-02', 90.699997, 90.699997, 88.279999, 89.849998, 82.727516, 2802100),
(11, '2019-03-27', 167.850006, 168.940002, 164.789993, 165.869995, 165.694199, 10620300),
(11, '2019-03-28', 164.570007, 166.720001, 163.330002, 165.550003, 165.374542, 10443000),
(11, '2019-03-29', 166.389999, 167.190002, 164.809998, 166.690002, 166.513336, 13455500),
(11, '2019-04-01', 167.830002, 168.899994, 167.279999, 168.699997, 168.521194, 10381500),
(11, '2019-04-02', 170.139999, 174.899994, 169.550003, 174.199997, 174.015366, 23946500),
(11, '2019-04-03', 174.500000, 177.960007, 172.949997, 173.539993, 173.356064, 27391100),
(11, '2019-04-04', 176.020004, 178.000000, 175.529999, 176.020004, 175.833435, 17847700),
(11, '2019-04-05', 176.880005, 177.000000, 175.100006, 175.720001, 175.533752, 9594100),
(11, '2019-04-08', 175.210007, 175.500000, 174.229996, 174.929993, 174.744583, 7297400),
(11, '2019-04-09', 175.619995, 179.190002, 175.550003, 177.580002, 177.391785, 19751000),
(13, '2019-05-28', 97.709999, 98.970001, 96.930000, 97.099998, 88.220901, 1755200),
(13, '2019-05-29', 96.779999, 97.220001, 95.820000, 96.809998, 87.957405, 1557300),
(13, '2019-05-30', 96.949997, 97.279999, 95.500000, 96.000000, 87.221474, 681700),
(13, '2019-05-31', 95.519997, 96.099998, 94.680000, 95.910004, 87.139709, 691500),
(13, '2019-06-03', 95.870003, 98.050003, 95.250000, 96.160004, 87.366837, 960000),
(13, '2019-06-04', 96.760002, 97.739998, 96.430000, 97.209999, 88.320824, 699200),
(13, '2019-06-05', 98.110001, 98.110001, 96.330002, 97.750000, 88.811447, 701600),
(13, '2019-06-06', 97.970001, 99.320000, 97.550003, 98.750000, 89.719994, 957100),
(13, '2019-06-07', 99.180000, 99.809998, 98.690002, 99.339996, 90.256042, 600500),
(13, '2019-06-10', 99.620003, 99.989998, 99.209999, 99.669998, 90.555878, 781400),
(16, '2020-12-07', 24.588608, 24.957806, 24.588608, 24.704641, 21.084040, 258614),
(16, '2020-12-08', 24.599155, 25.010550, 24.504219, 25.000000, 21.336111, 258140),
(16, '2020-12-09', 25.105486, 25.675104, 24.261602, 24.556961, 20.958004, 398160),
(16, '2020-12-10', 24.324896, 24.883966, 24.303797, 24.767933, 21.138056, 297388),
(16, '2020-12-11', 24.599155, 25.031647, 24.578058, 24.841772, 21.201073, 290372),
(16, '2020-12-14', 22.151899, 22.151899, 20.253164, 20.696203, 17.663061, 3959512),
(16, '2020-12-15', 20.158228, 20.189873, 18.913502, 19.050632, 16.258657, 3714074),
(16, '2020-12-16', 18.987343, 19.715191, 18.428270, 19.018988, 16.231649, 3192674),
(16, '2020-12-17', 19.145571, 19.282700, 18.449368, 18.565401, 15.844540, 2445556),
(16, '2020-12-18', 18.565401, 18.776371, 14.746835, 14.957806, 12.765656, 11729699),
(6, '2020-03-24', 76.050003, 81.360001, 75.000000, 79.139999, 77.668526, 9113100),
(6, '2020-03-25', 83.510002, 92.680000, 79.230003, 85.250000, 83.664925, 8717900),
(6, '2020-03-26', 87.599998, 96.000000, 80.589996, 82.809998, 81.270287, 10444300),
(6, '2020-03-27', 78.699997, 82.790001, 76.250000, 78.849998, 77.383926, 5749800),
(6, '2020-03-30', 76.709999, 78.430000, 72.839996, 76.160004, 74.743935, 6097800),
(6, '2020-03-31', 74.980003, 79.239998, 74.519997, 74.809998, 73.419037, 5173600),
(6, '2020-04-01', 70.000000, 71.410004, 67.650002, 69.150002, 67.864265, 7651300),
(6, '2020-04-02', 69.290001, 70.589996, 61.549999, 63.000000, 61.828625, 8062700),
(6, '2020-04-03', 64.360001, 64.709999, 57.000000, 59.080002, 57.981510, 10622200),
(6, '2020-04-06', 64.550003, 70.900002, 63.779999, 70.589996, 69.277504, 12186100),
(17, '2020-02-13', 32.250000, 33.009998, 31.600000, 31.799999, 31.535133, 15763500),
(17, '2020-02-14', 31.790001, 31.850000, 30.990000, 31.520000, 31.257471, 10274900),
(17, '2020-02-18', 31.540001, 32.090000, 31.500000, 32.020000, 31.753302, 9385900),
(17, '2020-02-19', 32.250000, 32.349998, 31.950001, 32.090000, 31.822720, 6107000),
(17, '2020-02-20', 31.879999, 32.349998, 31.700001, 32.340000, 32.070633, 6731800),
(17, '2020-02-21', 31.750000, 31.910000, 31.230000, 31.389999, 31.128548, 8036600),
(17, '2020-02-24', 30.090000, 30.230000, 29.480000, 29.700001, 29.452629, 11664300),
(17, '2020-02-25', 29.950001, 30.059999, 27.750000, 27.889999, 27.657701, 14198000),
(17, '2020-02-26', 28.120001, 28.170000, 26.469999, 26.709999, 26.487532, 16980700),
(19, '2020-03-12', 37.980000, 37.980000, 35.000000, 36.610001, 34.417011, 3107600),
(19, '2020-03-13', 38.849998, 39.450001, 36.330002, 38.009998, 35.733147, 2017400),
(19, '2020-03-16', 33.830002, 35.410000, 32.500000, 33.119999, 31.136066, 3807500),
(19, '2020-03-17', 33.599998, 36.209999, 33.000000, 34.130001, 32.085567, 2201000),
(19, '2020-03-18', 32.060001, 32.320000, 29.500000, 30.330000, 28.513191, 4098500),
(19, '2020-03-19', 30.010000, 34.160000, 29.780001, 33.340000, 31.342890, 2980700),
(19, '2020-03-20', 34.060001, 36.419998, 32.830002, 33.389999, 31.389893, 2073100),
(19, '2020-03-23', 33.240002, 35.070000, 32.160000, 34.080002, 32.038563, 1757400),
(19, '2020-03-24', 35.419998, 36.220001, 34.680000, 35.439999, 33.317093, 1541000),
(19, '2020-03-25', 35.000000, 36.299999, 34.730000, 34.959999, 32.865849, 1997200),
(11, '2021-03-29', 285.769989, 293.179993, 284.700012, 290.820007, 290.511780, 21718800),
(11, '2021-03-30', 289.829987, 292.470001, 286.700012, 288.000000, 287.694763, 17474500),
(11, '2021-03-31', 289.989990, 296.500000, 288.609985, 294.529999, 294.217834, 19498200),
(11, '2021-04-01', 298.399994, 302.399994, 296.600006, 298.660004, 298.343445, 17616000),
(11, '2021-04-05', 300.890015, 310.769989, 300.679993, 308.910004, 308.582581, 28237000),
(11, '2021-04-06', 308.839996, 311.350006, 305.250000, 306.260010, 305.935394, 17335200),
(11, '2021-04-07', 306.339996, 314.250000, 305.500000, 313.089996, 312.758148, 22855200),
(11, '2021-04-08', 314.850006, 315.880005, 310.049988, 313.019989, 312.688232, 20894100),
(11, '2021-04-09', 311.399994, 314.739990, 310.329987, 312.459991, 312.128815, 15988600),
(20, '2021-02-23', 230.330002, 234.830002, 228.729996, 233.270004, 227.272095, 30228700),
(20, '2021-02-24', 230.009995, 235.199997, 229.000000, 234.550003, 228.519150, 26339700),
(20, '2021-02-25', 232.080002, 234.589996, 227.880005, 228.990005, 223.102097, 39542200),
(20, '2021-02-26', 231.529999, 235.369995, 229.539993, 232.380005, 226.404953, 37819200),
(20, '2021-03-01', 235.899994, 237.470001, 233.149994, 236.940002, 230.847717, 25324000),
(20, '2021-03-02', 237.009995, 237.300003, 233.449997, 233.869995, 227.856628, 22812500),
(20, '2021-03-03', 232.160004, 233.580002, 227.259995, 227.559998, 221.708878, 34029500),
(20, '2021-03-04', 226.740005, 232.490005, 224.259995, 226.729996, 220.900223, 44727800),
(20, '2021-03-05', 229.520004, 233.270004, 226.460007, 231.600006, 225.645020, 41872800),
(20, '2021-03-08', 231.369995, 233.369995, 227.130005, 227.389999, 221.543243, 35267400),
(8, '2021-08-09', 142.800003, 144.000000, 142.690002, 142.990005, 141.803574, 4645800),
(8, '2021-08-10', 143.289993, 143.830002, 142.479996, 143.199997, 142.011810, 2608300),
(8, '2021-08-11', 143.309998, 144.759995, 142.940002, 144.589996, 143.390289, 2417800),
(8, '2021-08-12', 144.960007, 145.389999, 144.690002, 144.740005, 143.539047, 2223900),
(8, '2021-08-13', 144.300003, 145.350006, 144.070007, 144.940002, 143.737396, 2618200),
(8, '2021-08-16', 141.000000, 142.660004, 139.279999, 140.729996, 139.562302, 7114200),
(8, '2021-08-17', 140.550003, 141.850006, 140.080002, 140.669998, 139.502808, 4718500),
(8, '2021-08-18', 140.240005, 141.770004, 139.679993, 139.830002, 138.669769, 4480000),
(8, '2021-08-19', 139.600006, 141.600006, 139.419998, 140.889999, 139.720993, 3799000),
(8, '2021-08-20', 141.020004, 143.279999, 140.369995, 141.809998, 140.633362, 3274000),
(22, '2021-05-24', 11.340000, 11.400000, 11.230000, 11.270000, 9.381420, 192900),
(22, '2021-05-25', 11.440000, 11.510000, 11.360000, 11.380000, 9.472987, 34300),
(22, '2021-05-26', 11.590000, 11.690000, 11.460000, 11.500000, 9.572878, 48100),
(22, '2021-05-27', 11.520000, 11.650000, 11.440000, 11.510000, 9.581202, 48100),
(22, '2021-05-28', 11.470000, 11.660000, 11.460000, 11.660000, 9.706066, 101900),
(22, '2021-06-01', 11.640000, 12.140000, 11.640000, 12.140000, 10.105629, 336500),
(22, '2021-06-02', 11.910000, 12.150000, 11.890000, 12.100000, 10.072332, 241600),
(22, '2021-06-03', 12.110000, 12.110000, 11.980000, 12.000000, 9.989089, 57200),
(22, '2021-06-04', 11.810000, 11.900000, 11.720000, 11.820000, 9.839253, 279100),
(23, '2022-02-16', 262.589996, 265.820007, 255.520004, 265.109985, 264.732452, 73267600),
(23, '2022-02-17', 256.299988, 257.850006, 241.649994, 245.070007, 244.721008, 81059500),
(23, '2022-02-18', 246.679993, 249.860001, 231.000000, 236.419998, 236.083282, 76125500),
(23, '2022-02-22', 230.350006, 240.639999, 230.000000, 233.899994, 233.566879, 63342200),
(23, '2022-02-23', 238.020004, 241.550003, 223.009995, 223.869995, 223.551178, 56651100),
(23, '2022-02-24', 210.149994, 238.000000, 208.899994, 237.479996, 237.141785, 73580100),
(23, '2022-02-25', 237.210007, 242.169998, 233.809998, 241.570007, 241.225983, 52886600),
(23, '2022-02-28', 239.919998, 246.649994, 237.070007, 243.850006, 243.502731, 47731900),
(23, '2022-03-01', 242.910004, 243.770004, 231.320007, 234.770004, 234.435669, 41205600),
(20, '2022-03-15', 280.350006, 287.820007, 278.730011, 287.149994, 282.045502, 34245100),
(20, '2022-03-16', 289.109985, 294.570007, 283.200012, 294.390015, 289.156830, 37826300),
(20, '2022-03-17', 293.290009, 295.609985, 289.369995, 295.220001, 289.972076, 30816600),
(20, '2022-03-18', 295.369995, 301.000000, 292.730011, 300.429993, 295.089447, 43390600),
(20, '2022-03-21', 298.890015, 300.140015, 294.899994, 299.160004, 293.841980, 28351200),
(20, '2022-03-22', 299.799988, 305.000000, 298.769989, 304.059998, 298.654907, 27599700),
(20, '2022-03-23', 300.510010, 303.230011, 297.720001, 299.489990, 294.166168, 25715400),
(20, '2022-03-24', 299.140015, 304.200012, 298.320007, 304.100006, 298.694214, 24484500),
(20, '2022-03-25', 305.230011, 305.500000, 299.290009, 303.679993, 298.281647, 22566500),
(20, '2022-03-28', 304.329987, 310.799988, 304.329987, 310.700012, 305.176941, 29578200),
(24, '2022-03-15', 146.699997, 149.350006, 143.300003, 148.929993, 148.929993, 2026400),
(24, '2022-03-16', 150.949997, 157.720001, 145.880005, 155.789993, 155.789993, 3572600),
(24, '2022-03-17', 154.610001, 161.440002, 152.389999, 161.119995, 161.119995, 1849000),
(24, '2022-03-18', 160.889999, 174.949997, 160.630005, 174.500000, 174.500000, 4094800),
(24, '2022-03-21', 171.360001, 176.184998, 163.830002, 169.410004, 169.410004, 1919500),
(24, '2022-03-22', 155.880005, 169.460007, 154.449997, 166.429993, 166.429993, 8609300),
(24, '2022-03-23', 160.250000, 160.250000, 148.410004, 148.550003, 148.550003, 7244000),
(24, '2022-03-24', 149.779999, 149.779999, 137.184998, 144.500000, 144.500000, 8354700),
(24, '2022-03-25', 144.910004, 144.990005, 135.460007, 138.110001, 138.110001, 5503400),
(24, '2022-03-28', 139.729996, 150.259995, 139.000000, 149.860001, 149.860001, 4860600),
(25, '2022-08-08', 32.330002, 32.955002, 31.660000, 31.850000, 31.850000, 28064900),
(25, '2022-08-09', 31.370001, 31.549999, 30.719999, 31.059999, 31.059999, 27042900),
(25, '2022-08-10', 32.439999, 33.189999, 32.230000, 32.799999, 32.799999, 31318100),
(25, '2022-08-11', 33.160000, 33.360001, 32.042000, 32.240002, 32.240002, 24624600),
(25, '2022-08-12', 32.590000, 32.759998, 31.700001, 32.470001, 32.470001, 21950700),
(25, '2022-08-15', 32.099998, 32.910000, 31.930000, 32.490002, 32.490002, 14149200),
(25, '2022-08-16', 32.080002, 32.724998, 31.330000, 32.380001, 32.380001, 28072300),
(25, '2022-08-17', 31.650000, 31.709999, 30.440001, 30.719999, 30.719999, 24239400),
(25, '2022-08-18', 30.559999, 30.620001, 29.860001, 30.150000, 30.150000, 20831600),
(25, '2022-08-19', 29.500000, 29.570000, 28.629999, 29.010000, 29.010000, 24180900),
(26, '2022-09-12', 127.779999, 130.860001, 127.779999, 129.539993, 129.539993, 1706600),
(26, '2022-09-13', 126.489998, 129.250000, 126.150002, 127.019997, 127.019997, 1363900),
(26, '2022-09-14', 126.650002, 128.809998, 126.139999, 128.160004, 128.160004, 1906900),
(26, '2022-09-15', 127.860001, 129.990005, 127.610001, 128.429993, 128.429993, 1412900),
(26, '2022-09-16', 127.550003, 127.550003, 122.300003, 124.190002, 124.190002, 2325600),
(26, '2022-09-19', 121.949997, 125.570000, 120.050003, 125.080002, 125.080002, 3071500),
(26, '2022-09-20', 123.309998, 124.389999, 121.599998, 121.690002, 121.690002, 2181500),
(26, '2022-09-21', 121.690002, 122.470001, 117.919998, 117.919998, 117.919998, 1453900),
(26, '2022-09-22', 116.900002, 117.519997, 114.160004, 114.739998, 114.739998, 1621700),
(26, '2022-09-23', 113.709999, 113.760002, 107.370003, 110.360001, 110.360001, 2724300),
(8, '2023-01-12', 147.770004, 150.089996, 146.550003, 149.910004, 148.666138, 4269400),
(8, '2023-01-13', 149.910004, 150.570007, 148.259995, 149.679993, 148.438049, 6543800),
(8, '2023-01-17', 149.179993, 149.179993, 146.639999, 146.979996, 145.760452, 5482000),
(8, '2023-01-18', 146.130005, 147.740005, 145.500000, 145.899994, 144.689407, 4543400),
(8, '2023-01-19', 145.179993, 145.669998, 143.660004, 145.139999, 143.935730, 5345700),
(8, '2023-01-20', 142.410004, 145.509995, 142.389999, 145.119995, 143.915878, 5878200),
(8, '2023-01-23', 145.649994, 145.830002, 143.850006, 144.369995, 143.172104, 5306400),
(8, '2023-01-24', 143.830002, 146.539993, 143.009995, 145.809998, 144.600159, 3851700),
(8, '2023-01-25', 145.729996, 148.539993, 145.199997, 148.070007, 146.841415, 4352500),
(8, '2023-04-21', 144.899994, 146.570007, 144.899994, 146.220001, 145.006760, 4323600),
(8, '2023-04-24', 146.130005, 146.770004, 145.619995, 145.860001, 144.649750, 3889300),
(8, '2023-04-25', 146.270004, 149.179993, 146.199997, 148.000000, 146.771988, 6394500),
(8, '2023-04-26', 146.190002, 148.940002, 145.660004, 148.279999, 147.049667, 4522500),
(8, '2023-04-27', 148.850006, 150.449997, 148.759995, 149.940002, 148.695908, 6332800),
(8, '2023-04-28', 146.500000, 147.020004, 143.350006, 143.899994, 142.706009, 9431700),
(8, '2023-05-01', 144.529999, 144.570007, 142.610001, 143.210007, 142.021744, 5810900),
(8, '2023-05-02', 143.000000, 143.199997, 140.089996, 140.360001, 139.195374, 6764600),
(8, '2023-05-03', 140.589996, 141.220001, 139.690002, 139.910004, 138.749130, 5568400),
(8, '2023-05-04', 140.130005, 141.759995, 140.130005, 141.259995, 140.087906, 4849300);

--
-- Table structure for table `threat_actors`
--

CREATE TABLE `threat_actors` (
  `GangID` int(11) NOT NULL,
  `Name` varchar(255) NOT NULL,
  `Formation` year(4) DEFAULT NULL,
  `Founder` varchar(255) DEFAULT NULL,
  `Type` varchar(255) DEFAULT NULL,
  `Headquarters` varchar(255) DEFAULT NULL,
  `Region` varchar(255) DEFAULT NULL,
  `Methods` text DEFAULT NULL,
  `Membership` int(11) DEFAULT NULL,
  `members` text DEFAULT NULL,
  `OfficialLanguage` varchar(50) DEFAULT NULL,
  `Affiliations` varchar(255) DEFAULT NULL
);

--
-- Dumping data for table `threat_actors`
--

INSERT INTO `threat_actors` (`GangID`, `Name`, `Formation`, `Founder`, `Type`, `Headquarters`, `Region`, `Methods`, `Membership`, `members`, `OfficialLanguage`, `Affiliations`) VALUES
(1, 'Lapsus$', '2021', 'Arion Kurtaj', 'Cybercrime gang', 'Unknown', 'International', 'Spearphishing, SIM swapping, recruitment of accomplices via social media, extortion, hacking', 7, NULL, 'English', 'Unknown'),
(2, '54th Research Institute', NULL, NULL, 'Chinese military-backed hackers', NULL, NULL, NULL, NULL, 'Wang Qian, Xu Ke, Liu Lei, and Wu Zhiyong', 'Mandarin Chinese', 'Chinese military'),
(3, 'The Dark Overlord', NULL, NULL, NULL, NULL, NULL, NULL, NULL, 'Nathan Wyatt', NULL, NULL);

--
-- Indexes for dumped tables
--

--
-- Indexes for table `company_info`
--
ALTER TABLE `company_info`
  ADD PRIMARY KEY (`CompanyID`);

--
-- Indexes for table `data_breach_disclosures`
--
ALTER TABLE `data_breach_disclosures`
  ADD PRIMARY KEY (`DisclosureID`),
  ADD KEY `CompanyID` (`CompanyID`);

--
-- Indexes for table `dow_jones`
--
ALTER TABLE `dow_jones`
  ADD PRIMARY KEY (`Date`);

--
-- Indexes for table `stock_data`
--
ALTER TABLE `stock_data`
  ADD KEY `CompanyID` (`CompanyID`);

--
-- Indexes for table `threat_actors`
--
ALTER TABLE `threat_actors`
  ADD PRIMARY KEY (`GangID`);

--
-- AUTO_INCREMENT for dumped tables
--

--
-- AUTO_INCREMENT for table `company_info`
--
ALTER TABLE `company_info`
  MODIFY `CompanyID` int(11) NOT NULL AUTO_INCREMENT, AUTO_INCREMENT=28;

--
-- AUTO_INCREMENT for table `data_breach_disclosures`
--
ALTER TABLE `data_breach_disclosures`
  MODIFY `DisclosureID` int(11) NOT NULL AUTO_INCREMENT, AUTO_INCREMENT=26;

--
-- AUTO_INCREMENT for table `threat_actors`
--
ALTER TABLE `threat_actors`
  MODIFY `GangID` int(11) NOT NULL AUTO_INCREMENT, AUTO_INCREMENT=4;

--
-- Constraints for dumped tables
--

--
-- Constraints for table `data_breach_disclosures`
--
ALTER TABLE `data_breach_disclosures`
  ADD CONSTRAINT `data_breach_disclosures_ibfk_1` FOREIGN KEY (`CompanyID`) REFERENCES `company_info` (`CompanyID`);

--
-- Constraints for table `stock_data`
--
ALTER TABLE `stock_data`
  ADD CONSTRAINT `stock_data_ibfk_1` FOREIGN KEY (`CompanyID`) REFERENCES `company_info` (`CompanyID`);
COMMIT;
